Workbook
Name IncCCD1: #REF!
Name IncCCD2: #REF!
Name IncCCD3: #REF!
Name IncCCD4: #REF!
Name IncCCD5: #REF!
Name IncCCD6: #REF!
Name IncHHD: #REF!
Name IncLP: #REF!
Name IncPD: #REF!
Name IncPEcad: #REF!
Name IncPElive: #REF!

Sheet Experiment Summary
D3: Renal Model: Results
D5: This tab info/directions:
D6: To generate results after designing and saving a scenario in the input file you will need to 1. Clone the latest version of the renal capacity model 2. Run the
D7: model using the instructions provided with the model. At the end of the simulation the results will automatically populate this document and produce the results.
D8: Below we display a selection of results.
D10: Model input overview
D12: Region | G12: Fictional Region | O12: Run start year | R12: 2023
D13: Centre | G13: Fictional Centre | O13: Run end year | R13: 2035
D15: Capacity Planning
D17: Total incidence per year broken down by activity (Current Scenario)
D50: Prevalence
D52: Total prevalence at year end (Current Scenario) | O52: Total average prevalence at year end (Data Table)
P54: 2023 | Q54: 2024 | R54: 2025 | S54: 2026 | T54: 2027 | U54: 2028 | V54: 2029 | W54: 2030 | X54: 2031 | Y54: 2032 | Z54: 2033 | AA54: 2034 | AB54: 2035
O55: Current
O56: Total | P56: ='Summary Stats'!D10 -> #REF! | Q56: ='Summary Stats'!E10 -> #REF! | R56: ='Summary Stats'!F10 -> #REF! | S56: ='Summary Stats'!G10 -> #REF! | T56: ='Summary Stats'!H10 -> #REF! | U56: ='Summary Stats'!I10 -> #REF! | V56: ='Summary Stats'!J10 -> #REF! | W56: ='Summary Stats'!K10 -> #REF! | ... AB56: ='Summary Stats'!P10 -> #REF!
O57: ICHD | P57: ='Summary Stats'!D13 -> #REF! | Q57: ='Summary Stats'!E13 -> #REF! | R57: ='Summary Stats'!F13 -> #REF! | S57: ='Summary Stats'!G13 -> #REF! | T57: ='Summary Stats'!H13 -> #REF! | U57: ='Summary Stats'!I13 -> #REF! | V57: ='Summary Stats'!J13 -> #REF! | W57: ='Summary Stats'!K13 -> #REF! | ... AB57: ='Summary Stats'!P13 -> #REF!
O58: HHD | P58: ='Summary Stats'!D14 -> #REF! | Q58: ='Summary Stats'!E14 -> #REF! | R58: ='Summary Stats'!F14 -> #REF! | S58: ='Summary Stats'!G14 -> #REF! | T58: ='Summary Stats'!H14 -> #REF! | U58: ='Summary Stats'!I14 -> #REF! | V58: ='Summary Stats'!J14 -> #REF! | W58: ='Summary Stats'!K14 -> #REF! | ... AB58: ='Summary Stats'!P14 -> #REF!
O59: PD | P59: ='Summary Stats'!D15 -> #REF! | Q59: ='Summary Stats'!E15 -> #REF! | R59: ='Summary Stats'!F15 -> #REF! | S59: ='Summary Stats'!G15 -> #REF! | T59: ='Summary Stats'!H15 -> #REF! | U59: ='Summary Stats'!I15 -> #REF! | V59: ='Summary Stats'!J15 -> #REF! | W59: ='Summary Stats'!K15 -> #REF! | ... AB59: ='Summary Stats'!P15 -> #REF!
O60: Tx Live | P60: ='Summary Stats'!D12 -> #REF! | Q60: ='Summary Stats'!E12 -> #REF! | R60: ='Summary Stats'!F12 -> #REF! | S60: ='Summary Stats'!G12 -> #REF! | T60: ='Summary Stats'!H12 -> #REF! | U60: ='Summary Stats'!I12 -> #REF! | V60: ='Summary Stats'!J12 -> #REF! | W60: ='Summary Stats'!K12 -> #REF! | ... AB60: ='Summary Stats'!P12 -> #REF!
O61: Tx Cadaver | P61: ='Summary Stats'!D11 -> #REF! | Q61: ='Summary Stats'!E11 -> #REF! | R61: ='Summary Stats'!F11 -> #REF! | S61: ='Summary Stats'!G11 -> #REF! | T61: ='Summary Stats'!H11 -> #REF! | U61: ='Summary Stats'!I11 -> #REF! | V61: ='Summary Stats'!J11 -> #REF! | W61: ='Summary Stats'!K11 -> #REF! | ... AB61: ='Summary Stats'!P11 -> #REF!
D69: Total prevalence at year end broken down by activity (Current Scenario)
D101: Costs (Within the KRT system)
D103: Total combined cost of KRT and intervention/s (Current Scenario) | O103: Total combined cost (in millions) of KRT and intervention/s if any (Data Table)
O105: Cost | P105: 2023 | Q105: 2024 | R105: 2025 | S105: 2026 | T105: 2027 | U105: 2028 | V105: 2029 | W105: 2030 | X105: 2031 | Y105: 2032 | Z105: 2033 | AA105: 2034 | AB105: 2035
O106: Current
O107: Total | P107: =Summary_Cost!B2 -> #REF! | Q107: =Summary_Cost!C2 -> #REF! | R107: =Summary_Cost!D2 -> #REF! | S107: =Summary_Cost!E2 -> #REF! | T107: =Summary_Cost!F2 -> #REF! | U107: =Summary_Cost!G2 -> #REF! | V107: =Summary_Cost!H2 -> #REF! | W107: =Summary_Cost!I2 -> #REF! | ... AB107: =Summary_Cost!N2 -> #REF!
O108: ICHD | P108: =Summary_Cost!B3 -> #REF! | Q108: =Summary_Cost!C3 -> #REF! | R108: =Summary_Cost!D3 -> #REF! | S108: =Summary_Cost!E3 -> #REF! | T108: =Summary_Cost!F3 -> #REF! | U108: =Summary_Cost!G3 -> #REF! | V108: =Summary_Cost!H3 -> #REF! | W108: =Summary_Cost!I3 -> #REF! | ... AB108: =Summary_Cost!N3 -> #REF!
O109: HHD | P109: =Summary_Cost!B4 -> #REF! | Q109: =Summary_Cost!C4 -> #REF! | R109: =Summary_Cost!D4 -> #REF! | S109: =Summary_Cost!E4 -> #REF! | T109: =Summary_Cost!F4 -> #REF! | U109: =Summary_Cost!G4 -> #REF! | V109: =Summary_Cost!H4 -> #REF! | W109: =Summary_Cost!I4 -> #REF! | ... AB109: =Summary_Cost!N4 -> #REF!
O110: PD | P110: =Summary_Cost!B5 -> #REF! | Q110: =Summary_Cost!C5 -> #REF! | R110: =Summary_Cost!D5 -> #REF! | S110: =Summary_Cost!E5 -> #REF! | T110: =Summary_Cost!F5 -> #REF! | U110: =Summary_Cost!G5 -> #REF! | V110: =Summary_Cost!H5 -> #REF! | W110: =Summary_Cost!I5 -> #REF! | ... AB110: =Summary_Cost!N5 -> #REF!
O111: Tx | P111: =Summary_Cost!B6 -> #REF! | Q111: =Summary_Cost!C6 -> #REF! | R111: =Summary_Cost!D6 -> #REF! | S111: =Summary_Cost!E6 -> #REF! | T111: =Summary_Cost!F6 -> #REF! | U111: =Summary_Cost!G6 -> #REF! | V111: =Summary_Cost!H6 -> #REF! | W111: =Summary_Cost!I6 -> #REF! | ... AB111: =Summary_Cost!N6 -> #REF!
D119: Total cost of KRT broken down by activity (Default Scenario) | O119: Total cost of KRT broken down by activity (Current Scenario)
D136: Other performance measures
D138: Percentage on home dialysis (Default vs. Current Scenario) | O138: Percentage on home dialysis (Data Table)
P140: 2023 | Q140: 2024 | R140: 2025 | S140: 2026 | T140: 2027 | U140: 2028 | V140: 2029 | W140: 2030 | X140: 2031 | Y140: 2032 | Z140: 2033 | AA140: 2034 | AB140: 2035
O141: Current
O142: Total | P142: 21.079258 | Q142: 22.702523 | R142: 22.999692 | S142: 23.132489 | T142: 23.415098 | U142: 23.373423 | V142: 23.384957 | W142: 23.524307 | X142: 23.557359 | Y142: 23.690862 | Z142: 23.793657 | AA142: 23.716975 | AB142: 23.750287
O143: Default
O144: Total | P144: 18.978105 | Q144: 19.83076 | R144: 20.036286 | S144: 20.552664 | T144: 20.013057 | U144: 20.306761 | V144: 20.685413 | W144: 20.391609 | X144: 20.393045 | Y144: 20.382131 | Z144: 20.436216 | AA144: 20.33701 | AB144: 20.381086
D154: Percentage of transplants that happened pre-emptively (Default vs. Current Scenario) | O154: Percentage of transplants that happened pre-emptively (Data Table)
P156: 2023 | Q156: 2024 | R156: 2025 | S156: 2026 | T156: 2027 | U156: 2028 | V156: 2029 | W156: 2030 | X156: 2031 | Y156: 2032 | Z156: 2033 | AA156: 2034 | AB156: 2035
O157: Current
O158: Total | P158: 28.62698 | Q158: 32.212031 | R158: 36.148661 | S158: 35.924166 | T158: 36.745796 | U158: 36.346734 | V158: 35.888954 | W158: 35.57112 | X158: 35.325041 | Y158: 35.503583 | Z158: 34.880141 | AA158: 35.554553 | AB158: 34.610805
O159: Default
O160: Total | P160: 36.176096 | Q160: 37.150724 | R160: 38.724395 | S160: 43.401255 | T160: 40.945029 | U160: 40.003748 | V160: 37.920009 | W160: 39.332468 | X160: 37.466629 | Y160: 38.154812 | Z160: 36.402461 | AA160: 36.883853 | AB160: 36.898231
D171: Mortality
D173: Total mortality from KRT (Current Scenario) | O173: Total mortality of KRT (Data Table)
O175: Cost | P175: 2023 | Q175: 2024 | R175: 2025 | S175: 2026 | T175: 2027 | U175: 2028 | V175: 2029 | W175: 2030 | X175: 2031 | Y175: 2032 | Z175: 2033 | AA175: 2034 | AB175: 2035
O176: Current
O177: Total | P177: ='Summary Stats'!D18 -> #REF! | Q177: ='Summary Stats'!E18 -> #REF! | R177: ='Summary Stats'!F18 -> #REF! | S177: ='Summary Stats'!G18 -> #REF! | T177: ='Summary Stats'!H18 -> #REF! | U177: ='Summary Stats'!I18 -> #REF! | V177: ='Summary Stats'!J18 -> #REF! | W177: ='Summary Stats'!K18 -> #REF! | ... AB177: ='Summary Stats'!P18 -> #REF!
O178: ICHD | P178: ='Summary Stats'!D21 -> #REF! | Q178: ='Summary Stats'!E21 -> #REF! | R178: ='Summary Stats'!F21 -> #REF! | S178: ='Summary Stats'!G21 -> #REF! | T178: ='Summary Stats'!H21 -> #REF! | U178: ='Summary Stats'!I21 -> #REF! | V178: ='Summary Stats'!J21 -> #REF! | W178: ='Summary Stats'!K21 -> #REF! | ... AB178: ='Summary Stats'!P21 -> #REF!
O179: HHD | P179: ='Summary Stats'!D22 -> #REF! | Q179: ='Summary Stats'!E22 -> #REF! | R179: ='Summary Stats'!F22 -> #REF! | S179: ='Summary Stats'!G22 -> #REF! | T179: ='Summary Stats'!H22 -> #REF! | U179: ='Summary Stats'!I22 -> #REF! | V179: ='Summary Stats'!J22 -> #REF! | W179: ='Summary Stats'!K22 -> #REF! | ... AB179: ='Summary Stats'!P22 -> #REF!
O180: PD | P180: ='Summary Stats'!D23 -> #REF! | Q180: ='Summary Stats'!E23 -> #REF! | R180: ='Summary Stats'!F23 -> #REF! | S180: ='Summary Stats'!G23 -> #REF! | T180: ='Summary Stats'!H23 -> #REF! | U180: ='Summary Stats'!I23 -> #REF! | V180: ='Summary Stats'!J23 -> #REF! | W180: ='Summary Stats'!K23 -> #REF! | ... AB180: ='Summary Stats'!P23 -> #REF!
O181: Tx Live | P181: ='Summary Stats'!D20 -> #REF! | Q181: ='Summary Stats'!E20 -> #REF! | R181: ='Summary Stats'!F20 -> #REF! | S181: ='Summary Stats'!G20 -> #REF! | T181: ='Summary Stats'!H20 -> #REF! | U181: ='Summary Stats'!I20 -> #REF! | V181: ='Summary Stats'!J20 -> #REF! | W181: ='Summary Stats'!K20 -> #REF! | ... AB181: ='Summary Stats'!P20 -> #REF!
O182: Tx Cadaver | P182: ='Summary Stats'!D19 -> #REF! | Q182: ='Summary Stats'!E19 -> #REF! | R182: ='Summary Stats'!F19 -> #REF! | S182: ='Summary Stats'!G19 -> #REF! | T182: ='Summary Stats'!H19 -> #REF! | U182: ='Summary Stats'!I19 -> #REF! | V182: ='Summary Stats'!J19 -> #REF! | W182: ='Summary Stats'!K19 -> #REF! | ... AB182: ='Summary Stats'!P19 -> #REF!
D190: Total mortality of KRT broken down by activity (Default Scenario) | O190: Total mortailty of KRT broken down by activity (Current Scenario)

Sheet Summary Stats
A1: Incidence | B1: mean | C1: 0 | D1: 1 | E1: 2 | F1: 3 | G1: 4 | H1: 5 | I1: 6 | J1: 7 | K1: 8 | L1: 9 | M1: 10 | N1: 11 | O1: 12 | P1: 13 | R1: Incidence | S1: standard deviation | T1: 0 | U1: 1 | V1: 2 | W1: 3 | X1: 4 | Y1: 5 | Z1: 6 | AA1: 7 | AB1: 8 | AC1: 9 | AD1: 10 | AE1: 11 | AF1: 12 | AG1: 13 | AI1: Incidence | AJ1: CI width | AK1: 0 | AL1: 1 | AM1: 2 | AN1: 3 | AO1: 4 | AP1: 5 | AQ1: 6 | AR1: 7 | AS1: 8 | AT1: 9 | AU1: 10 | AV1: 11 | AW1: 12 | AX1: 13
A2: Total | B2: Validation | C2: =SUM(C3:C7) -> #REF! | D2: =SUM(D3:D7) -> #REF! | E2: =SUM(E3:E7) -> #REF! | F2: =SUM(F3:F7) -> #REF! | G2: =SUM(G3:G7) -> #REF! | H2: =SUM(H3:H7) -> #REF! | I2: =SUM(I3:I7) -> #REF! | J2: =SUM(J3:J7) -> #REF! | ... P2: =SUM(P3:P7) -> #REF! | R2: Total | S2: Validation | AI2: Total | AJ2: Validation
A3: Cadaver | B3: Validation | C3: =AVERAGE(OFFSET(incidence_cadaver!B:B,1,0,COUNTA(incidence_cadaver!B:B)-1)) -> #REF! | D3: =AVERAGE(OFFSET(incidence_cadaver!C:C,1,0,COUNTA(incidence_cadaver!C:C)-1)) -> #REF! | E3: =AVERAGE(OFFSET(incidence_cadaver!D:D,1,0,COUNTA(incidence_cadaver!D:D)-1)) -> #REF! | F3: =AVERAGE(OFFSET(incidence_cadaver!E:E,1,0,COUNTA(incidence_cadaver!E:E)-1)) -> #REF! | G3: =AVERAGE(OFFSET(incidence_cadaver!F:F,1,0,COUNTA(incidence_cadaver!F:F)-1)) -> #REF! | H3: =AVERAGE(OFFSET(incidence_cadaver!G:G,1,0,COUNTA(incidence_cadaver!G:G)-1)) -> #REF! | I3: =AVERAGE(OFFSET(incidence_cadaver!H:H,1,0,COUNTA(incidence_cadaver!H:H)-1)) -> #REF! | J3: =AVERAGE(OFFSET(incidence_cadaver!I:I,1,0,COUNTA(incidence_cadaver!I:I)-1)) -> #REF! | K3: =AVERAGE(OFFSET(incidence_cadaver!J:J,1,0,COUNTA(incidence_cadaver!J:J)-1)) -> #REF! | L3: =AVERAGE(OFFSET(incidence_cadaver!K:K,1,0,COUNTA(incidence_cadaver!K:K)-1)) -> #REF! | M3: =AVERAGE(OFFSET(incidence_cadaver!L:L,1,0,COUNTA(incidence_cadaver!L:L)-1)) -> #REF! | N3: =AVERAGE(OFFSET(incidence_cadaver!M:M,1,0,COUNTA(incidence_cadaver!M:M)-1)) -> #REF! | O3: =AVERAGE(OFFSET(incidence_cadaver!N:N,1,0,COUNTA(incidence_cadaver!N:N)-1)) -> #REF! | P3: =AVERAGE(OFFSET(incidence_cadaver!O:O,1,0,COUNTA(incidence_cadaver!O:O)-1)) -> #REF! | R3: Cadaver | S3: Validation | T3: =_xlfn.STDEV.S(OFFSET(incidence_cadaver!B:B,1,0,COUNTA(incidence_cadaver!B:B)-1)) -> #REF! | U3: =_xlfn.STDEV.S(OFFSET(incidence_cadaver!C:C,1,0,COUNTA(incidence_cadaver!C:C)-1)) -> #REF! | V3: =_xlfn.STDEV.S(OFFSET(incidence_cadaver!D:D,1,0,COUNTA(incidence_cadaver!D:D)-1)) -> #REF! | W3: =_xlfn.STDEV.S(OFFSET(incidence_cadaver!E:E,1,0,COUNTA(incidence_cadaver!E:E)-1)) -> #REF! | X3: =_xlfn.STDEV.S(OFFSET(incidence_cadaver!F:F,1,0,COUNTA(incidence_cadaver!F:F)-1)) -> #REF! | Y3: =_xlfn.STDEV.S(OFFSET(incidence_cadaver!G:G,1,0,COUNTA(incidence_cadaver!G:G)-1)) -> #REF! | Z3: =_xlfn.STDEV.S(OFFSET(incidence_cadaver!H:H,1,0,COUNTA(incidence_cadaver!H:H)-1)) -> #REF! | AA3: =_xlfn.STDEV.S(OFFSET(incidence_cadaver!I:I,1,0,COUNTA(incidence_cadaver!I:I)-1)) -> #REF! | AB3: =_xlfn.STDEV.S(OFFSET(incidence_cadaver!J:J,1,0,COUNTA(incidence_cadaver!J:J)-1)) -> #REF! | AC3: =_xlfn.STDEV.S(OFFSET(incidence_cadaver!K:K,1,0,COUNTA(incidence_cadaver!K:K)-1)) -> #REF! | AD3: =_xlfn.STDEV.S(OFFSET(incidence_cadaver!L:L,1,0,COUNTA(incidence_cadaver!L:L)-1)) -> #REF! | AE3: =_xlfn.STDEV.S(OFFSET(incidence_cadaver!M:M,1,0,COUNTA(incidence_cadaver!M:M)-1)) -> #REF! | AF3: =_xlfn.STDEV.S(OFFSET(incidence_cadaver!N:N,1,0,COUNTA(incidence_cadaver!N:N)-1)) -> #REF! | AG3: =_xlfn.STDEV.S(OFFSET(incidence_cadaver!O:O,1,0,COUNTA(incidence_cadaver!O:O)-1)) -> #REF! | AI3: Cadaver | AJ3: Validation | AK3: 0 | AL3: =1.96*U3/SQRT(COUNT(incidence_cadaver!B:B)-1) -> #REF! | AM3: =1.96*V3/SQRT(COUNT(incidence_cadaver!C:C)-1) -> #REF! | AN3: =1.96*W3/SQRT(COUNT(incidence_cadaver!D:D)-1) -> #REF! | AO3: =1.96*X3/SQRT(COUNT(incidence_cadaver!E:E)-1) -> #REF! | AP3: =1.96*Y3/SQRT(COUNT(incidence_cadaver!F:F)-1) -> #REF! | AQ3: =1.96*Z3/SQRT(COUNT(incidence_cadaver!G:G)-1) -> #REF! | AR3: =1.96*AA3/SQRT(COUNT(incidence_cadaver!H:H)-1) -> #REF! | AS3: =1.96*AB3/SQRT(COUNT(incidence_cadaver!I:I)-1) -> #REF! | AT3: =1.96*AC3/SQRT(COUNT(incidence_cadaver!J:J)-1) -> #REF! | AU3: =1.96*AD3/SQRT(COUNT(incidence_cadaver!K:K)-1) -> #REF! | AV3: =1.96*AE3/SQRT(COUNT(incidence_cadaver!L:L)-1) -> #REF! | AW3: =1.96*AF3/SQRT(COUNT(incidence_cadaver!M:M)-1) -> #REF! | AX3: =1.96*AG3/SQRT(COUNT(incidence_cadaver!N:N)-1) -> #REF!
A4: Live | B4: Validation | C4: =AVERAGE(OFFSET(incidence_live!B:B,1,0,COUNTA(incidence_live!B:B)-1)) -> #REF! | D4: =AVERAGE(OFFSET(incidence_live!C:C,1,0,COUNTA(incidence_live!C:C)-1)) -> #REF! | E4: =AVERAGE(OFFSET(incidence_live!D:D,1,0,COUNTA(incidence_live!D:D)-1)) -> #REF! | F4: =AVERAGE(OFFSET(incidence_live!E:E,1,0,COUNTA(incidence_live!E:E)-1)) -> #REF! | G4: =AVERAGE(OFFSET(incidence_live!F:F,1,0,COUNTA(incidence_live!F:F)-1)) -> #REF! | H4: =AVERAGE(OFFSET(incidence_live!G:G,1,0,COUNTA(incidence_live!G:G)-1)) -> #REF! | I4: =AVERAGE(OFFSET(incidence_live!H:H,1,0,COUNTA(incidence_live!H:H)-1)) -> #REF! | J4: =AVERAGE(OFFSET(incidence_live!I:I,1,0,COUNTA(incidence_live!I:I)-1)) -> #REF! | K4: =AVERAGE(OFFSET(incidence_live!J:J,1,0,COUNTA(incidence_live!J:J)-1)) -> #REF! | L4: =AVERAGE(OFFSET(incidence_live!K:K,1,0,COUNTA(incidence_live!K:K)-1)) -> #REF! | M4: =AVERAGE(OFFSET(incidence_live!L:L,1,0,COUNTA(incidence_live!L:L)-1)) -> #REF! | N4: =AVERAGE(OFFSET(incidence_live!M:M,1,0,COUNTA(incidence_live!M:M)-1)) -> #REF! | O4: =AVERAGE(OFFSET(incidence_live!N:N,1,0,COUNTA(incidence_live!N:N)-1)) -> #REF! | P4: =AVERAGE(OFFSET(incidence_live!O:O,1,0,COUNTA(incidence_live!O:O)-1)) -> #REF! | R4: Live | S4: Validation | T4: =_xlfn.STDEV.S(OFFSET(incidence_live!B:B,1,0,COUNTA(incidence_live!B:B)-1)) -> #REF! | U4: =_xlfn.STDEV.S(OFFSET(incidence_live!C:C,1,0,COUNTA(incidence_live!C:C)-1)) -> #REF! | V4: =_xlfn.STDEV.S(OFFSET(incidence_live!D:D,1,0,COUNTA(incidence_live!D:D)-1)) -> #REF! | W4: =_xlfn.STDEV.S(OFFSET(incidence_live!E:E,1,0,COUNTA(incidence_live!E:E)-1)) -> #REF! | X4: =_xlfn.STDEV.S(OFFSET(incidence_live!F:F,1,0,COUNTA(incidence_live!F:F)-1)) -> #REF! | Y4: =_xlfn.STDEV.S(OFFSET(incidence_live!G:G,1,0,COUNTA(incidence_live!G:G)-1)) -> #REF! | Z4: =_xlfn.STDEV.S(OFFSET(incidence_live!H:H,1,0,COUNTA(incidence_live!H:H)-1)) -> #REF! | AA4: =_xlfn.STDEV.S(OFFSET(incidence_live!I:I,1,0,COUNTA(incidence_live!I:I)-1)) -> #REF! | AB4: =_xlfn.STDEV.S(OFFSET(incidence_live!J:J,1,0,COUNTA(incidence_live!J:J)-1)) -> #REF! | AC4: =_xlfn.STDEV.S(OFFSET(incidence_live!K:K,1,0,COUNTA(incidence_live!K:K)-1)) -> #REF! | AD4: =_xlfn.STDEV.S(OFFSET(incidence_live!L:L,1,0,COUNTA(incidence_live!L:L)-1)) -> #REF! | AE4: =_xlfn.STDEV.S(OFFSET(incidence_live!M:M,1,0,COUNTA(incidence_live!M:M)-1)) -> #REF! | AF4: =_xlfn.STDEV.S(OFFSET(incidence_live!N:N,1,0,COUNTA(incidence_live!N:N)-1)) -> #REF! | AG4: =_xlfn.STDEV.S(OFFSET(incidence_live!O:O,1,0,COUNTA(incidence_live!O:O)-1)) -> #REF! | AI4: Live | AJ4: Validation | AK4: 0 | AL4: =1.96*U4/SQRT(COUNT(incidence_cadaver!B:B)-1) -> #REF! | AM4: =1.96*V4/SQRT(COUNT(incidence_cadaver!C:C)-1) -> #REF! | AN4: =1.96*W4/SQRT(COUNT(incidence_cadaver!D:D)-1) -> #REF! | AO4: =1.96*X4/SQRT(COUNT(incidence_cadaver!E:E)-1) -> #REF! | AP4: =1.96*Y4/SQRT(COUNT(incidence_cadaver!F:F)-1) -> #REF! | AQ4: =1.96*Z4/SQRT(COUNT(incidence_cadaver!G:G)-1) -> #REF! | AR4: =1.96*AA4/SQRT(COUNT(incidence_cadaver!H:H)-1) -> #REF! | AS4: =1.96*AB4/SQRT(COUNT(incidence_cadaver!I:I)-1) -> #REF! | AT4: =1.96*AC4/SQRT(COUNT(incidence_cadaver!J:J)-1) -> #REF! | AU4: =1.96*AD4/SQRT(COUNT(incidence_cadaver!K:K)-1) -> #REF! | AV4: =1.96*AE4/SQRT(COUNT(incidence_cadaver!L:L)-1) -> #REF! | AW4: =1.96*AF4/SQRT(COUNT(incidence_cadaver!M:M)-1) -> #REF! | AX4: =1.96*AG4/SQRT(COUNT(incidence_cadaver!N:N)-1) -> #REF!
A5: ICHD | B5: Validation | C5: =AVERAGE(OFFSET(incidence_ichd!B:B,1,0,COUNTA(incidence_ichd!B:B)-1)) -> #REF! | D5: =AVERAGE(OFFSET(incidence_ichd!C:C,1,0,COUNTA(incidence_ichd!C:C)-1)) -> #REF! | E5: =AVERAGE(OFFSET(incidence_ichd!D:D,1,0,COUNTA(incidence_ichd!D:D)-1)) -> #REF! | F5: =AVERAGE(OFFSET(incidence_ichd!E:E,1,0,COUNTA(incidence_ichd!E:E)-1)) -> #REF! | G5: =AVERAGE(OFFSET(incidence_ichd!F:F,1,0,COUNTA(incidence_ichd!F:F)-1)) -> #REF! | H5: =AVERAGE(OFFSET(incidence_ichd!G:G,1,0,COUNTA(incidence_ichd!G:G)-1)) -> #REF! | I5: =AVERAGE(OFFSET(incidence_ichd!H:H,1,0,COUNTA(incidence_ichd!H:H)-1)) -> #REF! | J5: =AVERAGE(OFFSET(incidence_ichd!I:I,1,0,COUNTA(incidence_ichd!I:I)-1)) -> #REF! | K5: =AVERAGE(OFFSET(incidence_ichd!J:J,1,0,COUNTA(incidence_ichd!J:J)-1)) -> #REF! | L5: =AVERAGE(OFFSET(incidence_ichd!K:K,1,0,COUNTA(incidence_ichd!K:K)-1)) -> #REF! | M5: =AVERAGE(OFFSET(incidence_ichd!L:L,1,0,COUNTA(incidence_ichd!L:L)-1)) -> #REF! | N5: =AVERAGE(OFFSET(incidence_ichd!M:M,1,0,COUNTA(incidence_ichd!M:M)-1)) -> #REF! | O5: =AVERAGE(OFFSET(incidence_ichd!N:N,1,0,COUNTA(incidence_ichd!N:N)-1)) -> #REF! | P5: =AVERAGE(OFFSET(incidence_ichd!O:O,1,0,COUNTA(incidence_ichd!O:O)-1)) -> #REF! | R5: ICHD | S5: Validation | T5: =_xlfn.STDEV.S(OFFSET(incidence_live!B:B,1,0,COUNTA(incidence_live!B:B)-1)) -> #REF! | U5: =_xlfn.STDEV.S(OFFSET(incidence_live!C:C,1,0,COUNTA(incidence_live!C:C)-1)) -> #REF! | V5: =_xlfn.STDEV.S(OFFSET(incidence_live!D:D,1,0,COUNTA(incidence_live!D:D)-1)) -> #REF! | W5: =_xlfn.STDEV.S(OFFSET(incidence_live!E:E,1,0,COUNTA(incidence_live!E:E)-1)) -> #REF! | X5: =_xlfn.STDEV.S(OFFSET(incidence_live!F:F,1,0,COUNTA(incidence_live!F:F)-1)) -> #REF! | Y5: =_xlfn.STDEV.S(OFFSET(incidence_live!G:G,1,0,COUNTA(incidence_live!G:G)-1)) -> #REF! | Z5: =_xlfn.STDEV.S(OFFSET(incidence_live!H:H,1,0,COUNTA(incidence_live!H:H)-1)) -> #REF! | AA5: =_xlfn.STDEV.S(OFFSET(incidence_live!I:I,1,0,COUNTA(incidence_live!I:I)-1)) -> #REF! | AB5: =_xlfn.STDEV.S(OFFSET(incidence_live!J:J,1,0,COUNTA(incidence_live!J:J)-1)) -> #REF! | AC5: =_xlfn.STDEV.S(OFFSET(incidence_live!K:K,1,0,COUNTA(incidence_live!K:K)-1)) -> #REF! | AD5: =_xlfn.STDEV.S(OFFSET(incidence_live!L:L,1,0,COUNTA(incidence_live!L:L)-1)) -> #REF! | AE5: =_xlfn.STDEV.S(OFFSET(incidence_live!M:M,1,0,COUNTA(incidence_live!M:M)-1)) -> #REF! | AF5: =_xlfn.STDEV.S(OFFSET(incidence_live!N:N,1,0,COUNTA(incidence_live!N:N)-1)) -> #REF! | AG5: =_xlfn.STDEV.S(OFFSET(incidence_live!O:O,1,0,COUNTA(incidence_live!O:O)-1)) -> #REF! | AI5: ICHD | AJ5: Validation | AK5: 0 | AL5: =1.96*U5/SQRT(COUNT(incidence_cadaver!B:B)-1) -> #REF! | AM5: =1.96*V5/SQRT(COUNT(incidence_cadaver!C:C)-1) -> #REF! | AN5: =1.96*W5/SQRT(COUNT(incidence_cadaver!D:D)-1) -> #REF! | AO5: =1.96*X5/SQRT(COUNT(incidence_cadaver!E:E)-1) -> #REF! | AP5: =1.96*Y5/SQRT(COUNT(incidence_cadaver!F:F)-1) -> #REF! | AQ5: =1.96*Z5/SQRT(COUNT(incidence_cadaver!G:G)-1) -> #REF! | AR5: =1.96*AA5/SQRT(COUNT(incidence_cadaver!H:H)-1) -> #REF! | AS5: =1.96*AB5/SQRT(COUNT(incidence_cadaver!I:I)-1) -> #REF! | AT5: =1.96*AC5/SQRT(COUNT(incidence_cadaver!J:J)-1) -> #REF! | AU5: =1.96*AD5/SQRT(COUNT(incidence_cadaver!K:K)-1) -> #REF! | AV5: =1.96*AE5/SQRT(COUNT(incidence_cadaver!L:L)-1) -> #REF! | AW5: =1.96*AF5/SQRT(COUNT(incidence_cadaver!M:M)-1) -> #REF! | AX5: =1.96*AG5/SQRT(COUNT(incidence_cadaver!N:N)-1) -> #REF!
A6: HHD | B6: Validation | C6: =AVERAGE(OFFSET(incidence_hhd!B:B,1,0,COUNTA(incidence_hhd!B:B)-1)) -> #REF! | D6: =AVERAGE(OFFSET(incidence_hhd!C:C,1,0,COUNTA(incidence_hhd!C:C)-1)) -> #REF! | E6: =AVERAGE(OFFSET(incidence_hhd!D:D,1,0,COUNTA(incidence_hhd!D:D)-1)) -> #REF! | F6: =AVERAGE(OFFSET(incidence_hhd!E:E,1,0,COUNTA(incidence_hhd!E:E)-1)) -> #REF! | G6: =AVERAGE(OFFSET(incidence_hhd!F:F,1,0,COUNTA(incidence_hhd!F:F)-1)) -> #REF! | H6: =AVERAGE(OFFSET(incidence_hhd!G:G,1,0,COUNTA(incidence_hhd!G:G)-1)) -> #REF! | I6: =AVERAGE(OFFSET(incidence_hhd!H:H,1,0,COUNTA(incidence_hhd!H:H)-1)) -> #REF! | J6: =AVERAGE(OFFSET(incidence_hhd!I:I,1,0,COUNTA(incidence_hhd!I:I)-1)) -> #REF! | K6: =AVERAGE(OFFSET(incidence_hhd!J:J,1,0,COUNTA(incidence_hhd!J:J)-1)) -> #REF! | L6: =AVERAGE(OFFSET(incidence_hhd!K:K,1,0,COUNTA(incidence_hhd!K:K)-1)) -> #REF! | M6: =AVERAGE(OFFSET(incidence_hhd!L:L,1,0,COUNTA(incidence_hhd!L:L)-1)) -> #REF! | N6: =AVERAGE(OFFSET(incidence_hhd!M:M,1,0,COUNTA(incidence_hhd!M:M)-1)) -> #REF! | O6: =AVERAGE(OFFSET(incidence_hhd!N:N,1,0,COUNTA(incidence_hhd!N:N)-1)) -> #REF! | P6: =AVERAGE(OFFSET(incidence_hhd!O:O,1,0,COUNTA(incidence_hhd!O:O)-1)) -> #REF! | R6: HHD | S6: Validation | T6: =_xlfn.STDEV.S(OFFSET(incidence_ichd!B:B,1,0,COUNTA(incidence_ichd!B:B)-1)) -> #REF! | U6: =_xlfn.STDEV.S(OFFSET(incidence_ichd!C:C,1,0,COUNTA(incidence_ichd!C:C)-1)) -> #REF! | V6: =_xlfn.STDEV.S(OFFSET(incidence_ichd!D:D,1,0,COUNTA(incidence_ichd!D:D)-1)) -> #REF! | W6: =_xlfn.STDEV.S(OFFSET(incidence_ichd!E:E,1,0,COUNTA(incidence_ichd!E:E)-1)) -> #REF! | X6: =_xlfn.STDEV.S(OFFSET(incidence_ichd!F:F,1,0,COUNTA(incidence_ichd!F:F)-1)) -> #REF! | Y6: =_xlfn.STDEV.S(OFFSET(incidence_ichd!G:G,1,0,COUNTA(incidence_ichd!G:G)-1)) -> #REF! | Z6: =_xlfn.STDEV.S(OFFSET(incidence_ichd!H:H,1,0,COUNTA(incidence_ichd!H:H)-1)) -> #REF! | AA6: =_xlfn.STDEV.S(OFFSET(incidence_ichd!I:I,1,0,COUNTA(incidence_ichd!I:I)-1)) -> #REF! | AB6: =_xlfn.STDEV.S(OFFSET(incidence_ichd!J:J,1,0,COUNTA(incidence_ichd!J:J)-1)) -> #REF! | AC6: =_xlfn.STDEV.S(OFFSET(incidence_ichd!K:K,1,0,COUNTA(incidence_ichd!K:K)-1)) -> #REF! | AD6: =_xlfn.STDEV.S(OFFSET(incidence_ichd!L:L,1,0,COUNTA(incidence_ichd!L:L)-1)) -> #REF! | AE6: =_xlfn.STDEV.S(OFFSET(incidence_ichd!M:M,1,0,COUNTA(incidence_ichd!M:M)-1)) -> #REF! | AF6: =_xlfn.STDEV.S(OFFSET(incidence_ichd!N:N,1,0,COUNTA(incidence_ichd!N:N)-1)) -> #REF! | AG6: =_xlfn.STDEV.S(OFFSET(incidence_ichd!O:O,1,0,COUNTA(incidence_ichd!O:O)-1)) -> #REF! | AI6: HHD | AJ6: Validation | AK6: 0 | AL6: =1.96*U6/SQRT(COUNT(incidence_cadaver!B:B)-1) -> #REF! | AM6: =1.96*V6/SQRT(COUNT(incidence_cadaver!C:C)-1) -> #REF! | AN6: =1.96*W6/SQRT(COUNT(incidence_cadaver!D:D)-1) -> #REF! | AO6: =1.96*X6/SQRT(COUNT(incidence_cadaver!E:E)-1) -> #REF! | AP6: =1.96*Y6/SQRT(COUNT(incidence_cadaver!F:F)-1) -> #REF! | AQ6: =1.96*Z6/SQRT(COUNT(incidence_cadaver!G:G)-1) -> #REF! | AR6: =1.96*AA6/SQRT(COUNT(incidence_cadaver!H:H)-1) -> #REF! | AS6: =1.96*AB6/SQRT(COUNT(incidence_cadaver!I:I)-1) -> #REF! | AT6: =1.96*AC6/SQRT(COUNT(incidence_cadaver!J:J)-1) -> #REF! | AU6: =1.96*AD6/SQRT(COUNT(incidence_cadaver!K:K)-1) -> #REF! | AV6: =1.96*AE6/SQRT(COUNT(incidence_cadaver!L:L)-1) -> #REF! | AW6: =1.96*AF6/SQRT(COUNT(incidence_cadaver!M:M)-1) -> #REF! | AX6: =1.96*AG6/SQRT(COUNT(incidence_cadaver!N:N)-1) -> #REF!
A7: PD | B7: Validation | C7: =AVERAGE(OFFSET(incidence_pd!B:B,1,0,COUNTA(incidence_pd!B:B)-1)) -> #REF! | D7: =AVERAGE(OFFSET(incidence_pd!C:C,1,0,COUNTA(incidence_pd!C:C)-1)) -> #REF! | E7: =AVERAGE(OFFSET(incidence_pd!D:D,1,0,COUNTA(incidence_pd!D:D)-1)) -> #REF! | F7: =AVERAGE(OFFSET(incidence_pd!E:E,1,0,COUNTA(incidence_pd!E:E)-1)) -> #REF! | G7: =AVERAGE(OFFSET(incidence_pd!F:F,1,0,COUNTA(incidence_pd!F:F)-1)) -> #REF! | H7: =AVERAGE(OFFSET(incidence_pd!G:G,1,0,COUNTA(incidence_pd!G:G)-1)) -> #REF! | I7: =AVERAGE(OFFSET(incidence_pd!H:H,1,0,COUNTA(incidence_pd!H:H)-1)) -> #REF! | J7: =AVERAGE(OFFSET(incidence_pd!I:I,1,0,COUNTA(incidence_pd!I:I)-1)) -> #REF! | K7: =AVERAGE(OFFSET(incidence_pd!J:J,1,0,COUNTA(incidence_pd!J:J)-1)) -> #REF! | L7: =AVERAGE(OFFSET(incidence_pd!K:K,1,0,COUNTA(incidence_pd!K:K)-1)) -> #REF! | M7: =AVERAGE(OFFSET(incidence_pd!L:L,1,0,COUNTA(incidence_pd!L:L)-1)) -> #REF! | N7: =AVERAGE(OFFSET(incidence_pd!M:M,1,0,COUNTA(incidence_pd!M:M)-1)) -> #REF! | O7: =AVERAGE(OFFSET(incidence_pd!N:N,1,0,COUNTA(incidence_pd!N:N)-1)) -> #REF! | P7: =AVERAGE(OFFSET(incidence_pd!O:O,1,0,COUNTA(incidence_pd!O:O)-1)) -> #REF! | R7: PD | S7: Validation | T7: =_xlfn.STDEV.S(OFFSET(incidence_pd!B:B,1,0,COUNTA(incidence_pd!B:B)-1)) -> #REF! | U7: =_xlfn.STDEV.S(OFFSET(incidence_pd!C:C,1,0,COUNTA(incidence_pd!C:C)-1)) -> #REF! | V7: =_xlfn.STDEV.S(OFFSET(incidence_pd!D:D,1,0,COUNTA(incidence_pd!D:D)-1)) -> #REF! | W7: =_xlfn.STDEV.S(OFFSET(incidence_pd!E:E,1,0,COUNTA(incidence_pd!E:E)-1)) -> #REF! | X7: =_xlfn.STDEV.S(OFFSET(incidence_pd!F:F,1,0,COUNTA(incidence_pd!F:F)-1)) -> #REF! | Y7: =_xlfn.STDEV.S(OFFSET(incidence_pd!G:G,1,0,COUNTA(incidence_pd!G:G)-1)) -> #REF! | Z7: =_xlfn.STDEV.S(OFFSET(incidence_pd!H:H,1,0,COUNTA(incidence_pd!H:H)-1)) -> #REF! | AA7: =_xlfn.STDEV.S(OFFSET(incidence_pd!I:I,1,0,COUNTA(incidence_pd!I:I)-1)) -> #REF! | AB7: =_xlfn.STDEV.S(OFFSET(incidence_pd!J:J,1,0,COUNTA(incidence_pd!J:J)-1)) -> #REF! | AC7: =_xlfn.STDEV.S(OFFSET(incidence_pd!K:K,1,0,COUNTA(incidence_pd!K:K)-1)) -> #REF! | AD7: =_xlfn.STDEV.S(OFFSET(incidence_pd!L:L,1,0,COUNTA(incidence_pd!L:L)-1)) -> #REF! | AE7: =_xlfn.STDEV.S(OFFSET(incidence_pd!M:M,1,0,COUNTA(incidence_pd!M:M)-1)) -> #REF! | AF7: =_xlfn.STDEV.S(OFFSET(incidence_pd!N:N,1,0,COUNTA(incidence_pd!N:N)-1)) -> #REF! | AG7: =_xlfn.STDEV.S(OFFSET(incidence_pd!O:O,1,0,COUNTA(incidence_pd!O:O)-1)) -> #REF! | AI7: PD | AJ7: Validation | AK7: 0 | AL7: =1.96*U7/SQRT(COUNT(incidence_cadaver!B:B)-1) -> #REF! | AM7: =1.96*V7/SQRT(COUNT(incidence_cadaver!C:C)-1) -> #REF! | AN7: =1.96*W7/SQRT(COUNT(incidence_cadaver!D:D)-1) -> #REF! | AO7: =1.96*X7/SQRT(COUNT(incidence_cadaver!E:E)-1) -> #REF! | AP7: =1.96*Y7/SQRT(COUNT(incidence_cadaver!F:F)-1) -> #REF! | AQ7: =1.96*Z7/SQRT(COUNT(incidence_cadaver!G:G)-1) -> #REF! | AR7: =1.96*AA7/SQRT(COUNT(incidence_cadaver!H:H)-1) -> #REF! | AS7: =1.96*AB7/SQRT(COUNT(incidence_cadaver!I:I)-1) -> #REF! | AT7: =1.96*AC7/SQRT(COUNT(incidence_cadaver!J:J)-1) -> #REF! | AU7: =1.96*AD7/SQRT(COUNT(incidence_cadaver!K:K)-1) -> #REF! | AV7: =1.96*AE7/SQRT(COUNT(incidence_cadaver!L:L)-1) -> #REF! | AW7: =1.96*AF7/SQRT(COUNT(incidence_cadaver!M:M)-1) -> #REF! | AX7: =1.96*AG7/SQRT(COUNT(incidence_cadaver!N:N)-1) -> #REF!
A9: Prevalence | R9: Prevalence | AI9: Prevalence
A10: Total | B10: Validation | C10: =SUM(C11:C15) -> #REF! | D10: =SUM(D11:D15) -> #REF! | E10: =SUM(E11:E15) -> #REF! | F10: =SUM(F11:F15) -> #REF! | G10: =SUM(G11:G15) -> #REF! | H10: =SUM(H11:H15) -> #REF! | I10: =SUM(I11:I15) -> #REF! | J10: =SUM(J11:J15) -> #REF! | ... P10: =SUM(P11:P15) -> #REF! | R10: Total | S10: Validation | T10: =_xlfn.STDEV.S(OFFSET(prevalence_total!B:B,1,0,COUNTA(prevalence_total!B:B)-1)) -> 0 | U10: =_xlfn.STDEV.S(OFFSET(prevalence_total!C:C,1,0,COUNTA(prevalence_total!C:C)-1)) -> 0 | V10: =_xlfn.STDEV.S(OFFSET(prevalence_total!D:D,1,0,COUNTA(prevalence_total!D:D)-1)) -> 0 | W10: =_xlfn.STDEV.S(OFFSET(prevalence_total!E:E,1,0,COUNTA(prevalence_total!E:E)-1)) -> 0 | X10: =_xlfn.STDEV.S(OFFSET(prevalence_total!F:F,1,0,COUNTA(prevalence_total!F:F)-1)) -> 0 | Y10: =_xlfn.STDEV.S(OFFSET(prevalence_total!G:G,1,0,COUNTA(prevalence_total!G:G)-1)) -> 0 | Z10: =_xlfn.STDEV.S(OFFSET(prevalence_total!H:H,1,0,COUNTA(prevalence_total!H:H)-1)) -> 0 | AA10: =_xlfn.STDEV.S(OFFSET(prevalence_total!I:I,1,0,COUNTA(prevalence_total!I:I)-1)) -> 0 | AB10: =_xlfn.STDEV.S(OFFSET(prevalence_total!J:J,1,0,COUNTA(prevalence_total!J:J)-1)) -> 0 | AC10: =_xlfn.STDEV.S(OFFSET(prevalence_total!K:K,1,0,COUNTA(prevalence_total!K:K)-1)) -> 0 | AD10: =_xlfn.STDEV.S(OFFSET(prevalence_total!L:L,1,0,COUNTA(prevalence_total!L:L)-1)) -> 0 | AE10: =_xlfn.STDEV.S(OFFSET(prevalence_total!M:M,1,0,COUNTA(prevalence_total!M:M)-1)) -> 0 | AF10: =_xlfn.STDEV.S(OFFSET(prevalence_total!N:N,1,0,COUNTA(prevalence_total!N:N)-1)) -> 0 | AG10: =_xlfn.STDEV.S(OFFSET(prevalence_total!O:O,1,0,COUNTA(prevalence_total!O:O)-1)) -> 0 | AI10: Total | AJ10: Validation | AK10: 0 | AL10: =1.96*U10/SQRT(COUNT(incidence_cadaver!B:B)-1) -> #DIV/0! | AM10: =1.96*V10/SQRT(COUNT(incidence_cadaver!C:C)-1) -> #DIV/0! | AN10: =1.96*W10/SQRT(COUNT(incidence_cadaver!D:D)-1) -> #DIV/0! | AO10: =1.96*X10/SQRT(COUNT(incidence_cadaver!E:E)-1) -> #DIV/0! | AP10: =1.96*Y10/SQRT(COUNT(incidence_cadaver!F:F)-1) -> #DIV/0! | AQ10: =1.96*Z10/SQRT(COUNT(incidence_cadaver!G:G)-1) -> #DIV/0! | AR10: =1.96*AA10/SQRT(COUNT(incidence_cadaver!H:H)-1) -> #DIV/0! | AS10: =1.96*AB10/SQRT(COUNT(incidence_cadaver!I:I)-1) -> #DIV/0! | AT10: =1.96*AC10/SQRT(COUNT(incidence_cadaver!J:J)-1) -> #DIV/0! | AU10: =1.96*AD10/SQRT(COUNT(incidence_cadaver!K:K)-1) -> #DIV/0! | AV10: =1.96*AE10/SQRT(COUNT(incidence_cadaver!L:L)-1) -> #DIV/0! | AW10: =1.96*AF10/SQRT(COUNT(incidence_cadaver!M:M)-1) -> #DIV/0! | AX10: =1.96*AG10/SQRT(COUNT(incidence_cadaver!N:N)-1) -> #DIV/0!
A11: Cadaver | B11: Validation | C11: =AVERAGE(OFFSET(prevalence_cadaver!B:B,1,0,COUNTA(prevalence_cadaver!B:B)-1)) -> #REF! | D11: =AVERAGE(OFFSET(prevalence_cadaver!C:C,1,0,COUNTA(prevalence_cadaver!C:C)-1)) -> #REF! | E11: =AVERAGE(OFFSET(prevalence_cadaver!D:D,1,0,COUNTA(prevalence_cadaver!D:D)-1)) -> #REF! | F11: =AVERAGE(OFFSET(prevalence_cadaver!E:E,1,0,COUNTA(prevalence_cadaver!E:E)-1)) -> #REF! | G11: =AVERAGE(OFFSET(prevalence_cadaver!F:F,1,0,COUNTA(prevalence_cadaver!F:F)-1)) -> #REF! | H11: =AVERAGE(OFFSET(prevalence_cadaver!G:G,1,0,COUNTA(prevalence_cadaver!G:G)-1)) -> #REF! | I11: =AVERAGE(OFFSET(prevalence_cadaver!H:H,1,0,COUNTA(prevalence_cadaver!H:H)-1)) -> #REF! | J11: =AVERAGE(OFFSET(prevalence_cadaver!I:I,1,0,COUNTA(prevalence_cadaver!I:I)-1)) -> #REF! | K11: =AVERAGE(OFFSET(prevalence_cadaver!J:J,1,0,COUNTA(prevalence_cadaver!J:J)-1)) -> #REF! | L11: =AVERAGE(OFFSET(prevalence_cadaver!K:K,1,0,COUNTA(prevalence_cadaver!K:K)-1)) -> #REF! | M11: =AVERAGE(OFFSET(prevalence_cadaver!L:L,1,0,COUNTA(prevalence_cadaver!L:L)-1)) -> #REF! | N11: =AVERAGE(OFFSET(prevalence_cadaver!M:M,1,0,COUNTA(prevalence_cadaver!M:M)-1)) -> #REF! | O11: =AVERAGE(OFFSET(prevalence_cadaver!N:N,1,0,COUNTA(prevalence_cadaver!N:N)-1)) -> #REF! | P11: =AVERAGE(OFFSET(prevalence_cadaver!O:O,1,0,COUNTA(prevalence_cadaver!O:O)-1)) -> #REF! | R11: Cadaver | S11: Validation | T11: =_xlfn.STDEV.S(OFFSET(prevalence_cadaver!B:B,1,0,COUNTA(prevalence_cadaver!B:B)-1)) -> #REF! | U11: =_xlfn.STDEV.S(OFFSET(prevalence_cadaver!C:C,1,0,COUNTA(prevalence_cadaver!C:C)-1)) -> #REF! | V11: =_xlfn.STDEV.S(OFFSET(prevalence_cadaver!D:D,1,0,COUNTA(prevalence_cadaver!D:D)-1)) -> #REF! | W11: =_xlfn.STDEV.S(OFFSET(prevalence_cadaver!E:E,1,0,COUNTA(prevalence_cadaver!E:E)-1)) -> #REF! | X11: =_xlfn.STDEV.S(OFFSET(prevalence_cadaver!F:F,1,0,COUNTA(prevalence_cadaver!F:F)-1)) -> #REF! | Y11: =_xlfn.STDEV.S(OFFSET(prevalence_cadaver!G:G,1,0,COUNTA(prevalence_cadaver!G:G)-1)) -> #REF! | Z11: =_xlfn.STDEV.S(OFFSET(prevalence_cadaver!H:H,1,0,COUNTA(prevalence_cadaver!H:H)-1)) -> #REF! | AA11: =_xlfn.STDEV.S(OFFSET(prevalence_cadaver!I:I,1,0,COUNTA(prevalence_cadaver!I:I)-1)) -> #REF! | AB11: =_xlfn.STDEV.S(OFFSET(prevalence_cadaver!J:J,1,0,COUNTA(prevalence_cadaver!J:J)-1)) -> #REF! | AC11: =_xlfn.STDEV.S(OFFSET(prevalence_cadaver!K:K,1,0,COUNTA(prevalence_cadaver!K:K)-1)) -> #REF! | AD11: =_xlfn.STDEV.S(OFFSET(prevalence_cadaver!L:L,1,0,COUNTA(prevalence_cadaver!L:L)-1)) -> #REF! | AE11: =_xlfn.STDEV.S(OFFSET(prevalence_cadaver!M:M,1,0,COUNTA(prevalence_cadaver!M:M)-1)) -> #REF! | AF11: =_xlfn.STDEV.S(OFFSET(prevalence_cadaver!N:N,1,0,COUNTA(prevalence_cadaver!N:N)-1)) -> #REF! | AG11: =_xlfn.STDEV.S(OFFSET(prevalence_cadaver!O:O,1,0,COUNTA(prevalence_cadaver!O:O)-1)) -> #REF! | AI11: Cadaver | AJ11: Validation | AK11: 0 | AL11: =1.96*U11/SQRT(COUNT(incidence_cadaver!B:B)-1) -> #REF! | AM11: =1.96*V11/SQRT(COUNT(incidence_cadaver!C:C)-1) -> #REF! | AN11: =1.96*W11/SQRT(COUNT(incidence_cadaver!D:D)-1) -> #REF! | AO11: =1.96*X11/SQRT(COUNT(incidence_cadaver!E:E)-1) -> #REF! | AP11: =1.96*Y11/SQRT(COUNT(incidence_cadaver!F:F)-1) -> #REF! | AQ11: =1.96*Z11/SQRT(COUNT(incidence_cadaver!G:G)-1) -> #REF! | AR11: =1.96*AA11/SQRT(COUNT(incidence_cadaver!H:H)-1) -> #REF! | AS11: =1.96*AB11/SQRT(COUNT(incidence_cadaver!I:I)-1) -> #REF! | AT11: =1.96*AC11/SQRT(COUNT(incidence_cadaver!J:J)-1) -> #REF! | AU11: =1.96*AD11/SQRT(COUNT(incidence_cadaver!K:K)-1) -> #REF! | AV11: =1.96*AE11/SQRT(COUNT(incidence_cadaver!L:L)-1) -> #REF! | AW11: =1.96*AF11/SQRT(COUNT(incidence_cadaver!M:M)-1) -> #REF! | AX11: =1.96*AG11/SQRT(COUNT(incidence_cadaver!N:N)-1) -> #REF!
A12: Live | B12: Validation | C12: =AVERAGE(OFFSET(prevalence_live!B:B,1,0,COUNTA(prevalence_live!B:B)-1)) -> #REF! | D12: =AVERAGE(OFFSET(prevalence_live!C:C,1,0,COUNTA(prevalence_live!C:C)-1)) -> #REF! | E12: =AVERAGE(OFFSET(prevalence_live!D:D,1,0,COUNTA(prevalence_live!D:D)-1)) -> #REF! | F12: =AVERAGE(OFFSET(prevalence_live!E:E,1,0,COUNTA(prevalence_live!E:E)-1)) -> #REF! | G12: =AVERAGE(OFFSET(prevalence_live!F:F,1,0,COUNTA(prevalence_live!F:F)-1)) -> #REF! | H12: =AVERAGE(OFFSET(prevalence_live!G:G,1,0,COUNTA(prevalence_live!G:G)-1)) -> #REF! | I12: =AVERAGE(OFFSET(prevalence_live!H:H,1,0,COUNTA(prevalence_live!H:H)-1)) -> #REF! | J12: =AVERAGE(OFFSET(prevalence_live!I:I,1,0,COUNTA(prevalence_live!I:I)-1)) -> #REF! | K12: =AVERAGE(OFFSET(prevalence_live!J:J,1,0,COUNTA(prevalence_live!J:J)-1)) -> #REF! | L12: =AVERAGE(OFFSET(prevalence_live!K:K,1,0,COUNTA(prevalence_live!K:K)-1)) -> #REF! | M12: =AVERAGE(OFFSET(prevalence_live!L:L,1,0,COUNTA(prevalence_live!L:L)-1)) -> #REF! | N12: =AVERAGE(OFFSET(prevalence_live!M:M,1,0,COUNTA(prevalence_live!M:M)-1)) -> #REF! | O12: =AVERAGE(OFFSET(prevalence_live!N:N,1,0,COUNTA(prevalence_live!N:N)-1)) -> #REF! | P12: =AVERAGE(OFFSET(prevalence_live!O:O,1,0,COUNTA(prevalence_live!O:O)-1)) -> #REF! | R12: Live | S12: Validation | T12: =_xlfn.STDEV.S(OFFSET(prevalence_live!B:B,1,0,COUNTA(prevalence_live!B:B)-1)) -> #REF! | U12: =_xlfn.STDEV.S(OFFSET(prevalence_live!C:C,1,0,COUNTA(prevalence_live!C:C)-1)) -> #REF! | V12: =_xlfn.STDEV.S(OFFSET(prevalence_live!D:D,1,0,COUNTA(prevalence_live!D:D)-1)) -> #REF! | W12: =_xlfn.STDEV.S(OFFSET(prevalence_live!E:E,1,0,COUNTA(prevalence_live!E:E)-1)) -> #REF! | X12: =_xlfn.STDEV.S(OFFSET(prevalence_live!F:F,1,0,COUNTA(prevalence_live!F:F)-1)) -> #REF! | Y12: =_xlfn.STDEV.S(OFFSET(prevalence_live!G:G,1,0,COUNTA(prevalence_live!G:G)-1)) -> #REF! | Z12: =_xlfn.STDEV.S(OFFSET(prevalence_live!H:H,1,0,COUNTA(prevalence_live!H:H)-1)) -> #REF! | AA12: =_xlfn.STDEV.S(OFFSET(prevalence_live!I:I,1,0,COUNTA(prevalence_live!I:I)-1)) -> #REF! | AB12: =_xlfn.STDEV.S(OFFSET(prevalence_live!J:J,1,0,COUNTA(prevalence_live!J:J)-1)) -> #REF! | AC12: =_xlfn.STDEV.S(OFFSET(prevalence_live!K:K,1,0,COUNTA(prevalence_live!K:K)-1)) -> #REF! | AD12: =_xlfn.STDEV.S(OFFSET(prevalence_live!L:L,1,0,COUNTA(prevalence_live!L:L)-1)) -> #REF! | AE12: =_xlfn.STDEV.S(OFFSET(prevalence_live!M:M,1,0,COUNTA(prevalence_live!M:M)-1)) -> #REF! | AF12: =_xlfn.STDEV.S(OFFSET(prevalence_live!N:N,1,0,COUNTA(prevalence_live!N:N)-1)) -> #REF! | AG12: =_xlfn.STDEV.S(OFFSET(prevalence_live!O:O,1,0,COUNTA(prevalence_live!O:O)-1)) -> #REF! | AI12: Live | AJ12: Validation | AK12: 0 | AL12: =1.96*U12/SQRT(COUNT(incidence_cadaver!B:B)-1) -> #REF! | AM12: =1.96*V12/SQRT(COUNT(incidence_cadaver!C:C)-1) -> #REF! | AN12: =1.96*W12/SQRT(COUNT(incidence_cadaver!D:D)-1) -> #REF! | AO12: =1.96*X12/SQRT(COUNT(incidence_cadaver!E:E)-1) -> #REF! | AP12: =1.96*Y12/SQRT(COUNT(incidence_cadaver!F:F)-1) -> #REF! | AQ12: =1.96*Z12/SQRT(COUNT(incidence_cadaver!G:G)-1) -> #REF! | AR12: =1.96*AA12/SQRT(COUNT(incidence_cadaver!H:H)-1) -> #REF! | AS12: =1.96*AB12/SQRT(COUNT(incidence_cadaver!I:I)-1) -> #REF! | AT12: =1.96*AC12/SQRT(COUNT(incidence_cadaver!J:J)-1) -> #REF! | AU12: =1.96*AD12/SQRT(COUNT(incidence_cadaver!K:K)-1) -> #REF! | AV12: =1.96*AE12/SQRT(COUNT(incidence_cadaver!L:L)-1) -> #REF! | AW12: =1.96*AF12/SQRT(COUNT(incidence_cadaver!M:M)-1) -> #REF! | AX12: =1.96*AG12/SQRT(COUNT(incidence_cadaver!N:N)-1) -> #REF!
A13: ICHD | B13: Validation | C13: =AVERAGE(OFFSET(prevalence_ichd!B:B,1,0,COUNTA(prevalence_ichd!B:B)-1)) -> #REF! | D13: =AVERAGE(OFFSET(prevalence_ichd!C:C,1,0,COUNTA(prevalence_ichd!C:C)-1)) -> #REF! | E13: =AVERAGE(OFFSET(prevalence_ichd!D:D,1,0,COUNTA(prevalence_ichd!D:D)-1)) -> #REF! | F13: =AVERAGE(OFFSET(prevalence_ichd!E:E,1,0,COUNTA(prevalence_ichd!E:E)-1)) -> #REF! | G13: =AVERAGE(OFFSET(prevalence_ichd!F:F,1,0,COUNTA(prevalence_ichd!F:F)-1)) -> #REF! | H13: =AVERAGE(OFFSET(prevalence_ichd!G:G,1,0,COUNTA(prevalence_ichd!G:G)-1)) -> #REF! | I13: =AVERAGE(OFFSET(prevalence_ichd!H:H,1,0,COUNTA(prevalence_ichd!H:H)-1)) -> #REF! | J13: =AVERAGE(OFFSET(prevalence_ichd!I:I,1,0,COUNTA(prevalence_ichd!I:I)-1)) -> #REF! | K13: =AVERAGE(OFFSET(prevalence_ichd!J:J,1,0,COUNTA(prevalence_ichd!J:J)-1)) -> #REF! | L13: =AVERAGE(OFFSET(prevalence_ichd!K:K,1,0,COUNTA(prevalence_ichd!K:K)-1)) -> #REF! | M13: =AVERAGE(OFFSET(prevalence_ichd!L:L,1,0,COUNTA(prevalence_ichd!L:L)-1)) -> #REF! | N13: =AVERAGE(OFFSET(prevalence_ichd!M:M,1,0,COUNTA(prevalence_ichd!M:M)-1)) -> #REF! | O13: =AVERAGE(OFFSET(prevalence_ichd!N:N,1,0,COUNTA(prevalence_ichd!N:N)-1)) -> #REF! | P13: =AVERAGE(OFFSET(prevalence_ichd!O:O,1,0,COUNTA(prevalence_ichd!O:O)-1)) -> #REF! | R13: ICHD | S13: Validation | T13: =_xlfn.STDEV.S(OFFSET(prevalence_ichd!B:B,1,0,COUNTA(prevalence_ichd!B:B)-1)) -> #REF! | U13: =_xlfn.STDEV.S(OFFSET(prevalence_ichd!C:C,1,0,COUNTA(prevalence_ichd!C:C)-1)) -> #REF! | V13: =_xlfn.STDEV.S(OFFSET(prevalence_ichd!D:D,1,0,COUNTA(prevalence_ichd!D:D)-1)) -> #REF! | W13: =_xlfn.STDEV.S(OFFSET(prevalence_ichd!E:E,1,0,COUNTA(prevalence_ichd!E:E)-1)) -> #REF! | X13: =_xlfn.STDEV.S(OFFSET(prevalence_ichd!F:F,1,0,COUNTA(prevalence_ichd!F:F)-1)) -> #REF! | Y13: =_xlfn.STDEV.S(OFFSET(prevalence_ichd!G:G,1,0,COUNTA(prevalence_ichd!G:G)-1)) -> #REF! | Z13: =_xlfn.STDEV.S(OFFSET(prevalence_ichd!H:H,1,0,COUNTA(prevalence_ichd!H:H)-1)) -> #REF! | AA13: =_xlfn.STDEV.S(OFFSET(prevalence_ichd!I:I,1,0,COUNTA(prevalence_ichd!I:I)-1)) -> #REF! | AB13: =_xlfn.STDEV.S(OFFSET(prevalence_ichd!J:J,1,0,COUNTA(prevalence_ichd!J:J)-1)) -> #REF! | AC13: =_xlfn.STDEV.S(OFFSET(prevalence_ichd!K:K,1,0,COUNTA(prevalence_ichd!K:K)-1)) -> #REF! | AD13: =_xlfn.STDEV.S(OFFSET(prevalence_ichd!L:L,1,0,COUNTA(prevalence_ichd!L:L)-1)) -> #REF! | AE13: =_xlfn.STDEV.S(OFFSET(prevalence_ichd!M:M,1,0,COUNTA(prevalence_ichd!M:M)-1)) -> #REF! | AF13: =_xlfn.STDEV.S(OFFSET(prevalence_ichd!N:N,1,0,COUNTA(prevalence_ichd!N:N)-1)) -> #REF! | AG13: =_xlfn.STDEV.S(OFFSET(prevalence_ichd!O:O,1,0,COUNTA(prevalence_ichd!O:O)-1)) -> #REF! | AI13: ICHD | AJ13: Validation | AK13: 0 | AL13: =1.96*U13/SQRT(COUNT(incidence_cadaver!B:B)-1) -> #REF! | AM13: =1.96*V13/SQRT(COUNT(incidence_cadaver!C:C)-1) -> #REF! | AN13: =1.96*W13/SQRT(COUNT(incidence_cadaver!D:D)-1) -> #REF! | AO13: =1.96*X13/SQRT(COUNT(incidence_cadaver!E:E)-1) -> #REF! | AP13: =1.96*Y13/SQRT(COUNT(incidence_cadaver!F:F)-1) -> #REF! | AQ13: =1.96*Z13/SQRT(COUNT(incidence_cadaver!G:G)-1) -> #REF! | AR13: =1.96*AA13/SQRT(COUNT(incidence_cadaver!H:H)-1) -> #REF! | AS13: =1.96*AB13/SQRT(COUNT(incidence_cadaver!I:I)-1) -> #REF! | AT13: =1.96*AC13/SQRT(COUNT(incidence_cadaver!J:J)-1) -> #REF! | AU13: =1.96*AD13/SQRT(COUNT(incidence_cadaver!K:K)-1) -> #REF! | AV13: =1.96*AE13/SQRT(COUNT(incidence_cadaver!L:L)-1) -> #REF! | AW13: =1.96*AF13/SQRT(COUNT(incidence_cadaver!M:M)-1) -> #REF! | AX13: =1.96*AG13/SQRT(COUNT(incidence_cadaver!N:N)-1) -> #REF!
A14: HHD | B14: Validation | C14: =AVERAGE(OFFSET(prevalence_hhd!B:B,1,0,COUNTA(prevalence_hhd!B:B)-1)) -> #REF! | D14: =AVERAGE(OFFSET(prevalence_hhd!C:C,1,0,COUNTA(prevalence_hhd!C:C)-1)) -> #REF! | E14: =AVERAGE(OFFSET(prevalence_hhd!D:D,1,0,COUNTA(prevalence_hhd!D:D)-1)) -> #REF! | F14: =AVERAGE(OFFSET(prevalence_hhd!E:E,1,0,COUNTA(prevalence_hhd!E:E)-1)) -> #REF! | G14: =AVERAGE(OFFSET(prevalence_hhd!F:F,1,0,COUNTA(prevalence_hhd!F:F)-1)) -> #REF! | H14: =AVERAGE(OFFSET(prevalence_hhd!G:G,1,0,COUNTA(prevalence_hhd!G:G)-1)) -> #REF! | I14: =AVERAGE(OFFSET(prevalence_hhd!H:H,1,0,COUNTA(prevalence_hhd!H:H)-1)) -> #REF! | J14: =AVERAGE(OFFSET(prevalence_hhd!I:I,1,0,COUNTA(prevalence_hhd!I:I)-1)) -> #REF! | K14: =AVERAGE(OFFSET(prevalence_hhd!J:J,1,0,COUNTA(prevalence_hhd!J:J)-1)) -> #REF! | L14: =AVERAGE(OFFSET(prevalence_hhd!K:K,1,0,COUNTA(prevalence_hhd!K:K)-1)) -> #REF! | M14: =AVERAGE(OFFSET(prevalence_hhd!L:L,1,0,COUNTA(prevalence_hhd!L:L)-1)) -> #REF! | N14: =AVERAGE(OFFSET(prevalence_hhd!M:M,1,0,COUNTA(prevalence_hhd!M:M)-1)) -> #REF! | O14: =AVERAGE(OFFSET(prevalence_hhd!N:N,1,0,COUNTA(prevalence_hhd!N:N)-1)) -> #REF! | P14: =AVERAGE(OFFSET(prevalence_hhd!O:O,1,0,COUNTA(prevalence_hhd!O:O)-1)) -> #REF! | R14: HHD | S14: Validation | T14: =_xlfn.STDEV.S(OFFSET(prevalence_hhd!B:B,1,0,COUNTA(prevalence_hhd!B:B)-1)) -> #REF! | U14: =_xlfn.STDEV.S(OFFSET(prevalence_hhd!C:C,1,0,COUNTA(prevalence_hhd!C:C)-1)) -> #REF! | V14: =_xlfn.STDEV.S(OFFSET(prevalence_hhd!D:D,1,0,COUNTA(prevalence_hhd!D:D)-1)) -> #REF! | W14: =_xlfn.STDEV.S(OFFSET(prevalence_hhd!E:E,1,0,COUNTA(prevalence_hhd!E:E)-1)) -> #REF! | X14: =_xlfn.STDEV.S(OFFSET(prevalence_hhd!F:F,1,0,COUNTA(prevalence_hhd!F:F)-1)) -> #REF! | Y14: =_xlfn.STDEV.S(OFFSET(prevalence_hhd!G:G,1,0,COUNTA(prevalence_hhd!G:G)-1)) -> #REF! | Z14: =_xlfn.STDEV.S(OFFSET(prevalence_hhd!H:H,1,0,COUNTA(prevalence_hhd!H:H)-1)) -> #REF! | AA14: =_xlfn.STDEV.S(OFFSET(prevalence_hhd!I:I,1,0,COUNTA(prevalence_hhd!I:I)-1)) -> #REF! | AB14: =_xlfn.STDEV.S(OFFSET(prevalence_hhd!J:J,1,0,COUNTA(prevalence_hhd!J:J)-1)) -> #REF! | AC14: =_xlfn.STDEV.S(OFFSET(prevalence_hhd!K:K,1,0,COUNTA(prevalence_hhd!K:K)-1)) -> #REF! | AD14: =_xlfn.STDEV.S(OFFSET(prevalence_hhd!L:L,1,0,COUNTA(prevalence_hhd!L:L)-1)) -> #REF! | AE14: =_xlfn.STDEV.S(OFFSET(prevalence_hhd!M:M,1,0,COUNTA(prevalence_hhd!M:M)-1)) -> #REF! | AF14: =_xlfn.STDEV.S(OFFSET(prevalence_hhd!N:N,1,0,COUNTA(prevalence_hhd!N:N)-1)) -> #REF! | AG14: =_xlfn.STDEV.S(OFFSET(prevalence_hhd!O:O,1,0,COUNTA(prevalence_hhd!O:O)-1)) -> #REF! | AI14: HHD | AJ14: Validation | AK14: 0 | AL14: =1.96*U14/SQRT(COUNT(incidence_cadaver!B:B)-1) -> #REF! | AM14: =1.96*V14/SQRT(COUNT(incidence_cadaver!C:C)-1) -> #REF! | AN14: =1.96*W14/SQRT(COUNT(incidence_cadaver!D:D)-1) -> #REF! | AO14: =1.96*X14/SQRT(COUNT(incidence_cadaver!E:E)-1) -> #REF! | AP14: =1.96*Y14/SQRT(COUNT(incidence_cadaver!F:F)-1) -> #REF! | AQ14: =1.96*Z14/SQRT(COUNT(incidence_cadaver!G:G)-1) -> #REF! | AR14: =1.96*AA14/SQRT(COUNT(incidence_cadaver!H:H)-1) -> #REF! | AS14: =1.96*AB14/SQRT(COUNT(incidence_cadaver!I:I)-1) -> #REF! | AT14: =1.96*AC14/SQRT(COUNT(incidence_cadaver!J:J)-1) -> #REF! | AU14: =1.96*AD14/SQRT(COUNT(incidence_cadaver!K:K)-1) -> #REF! | AV14: =1.96*AE14/SQRT(COUNT(incidence_cadaver!L:L)-1) -> #REF! | AW14: =1.96*AF14/SQRT(COUNT(incidence_cadaver!M:M)-1) -> #REF! | AX14: =1.96*AG14/SQRT(COUNT(incidence_cadaver!N:N)-1) -> #REF!
A15: PD | B15: Validation | C15: =AVERAGE(OFFSET(prevalence_pd!B:B,1,0,COUNTA(prevalence_pd!B:B)-1)) -> #REF! | D15: =AVERAGE(OFFSET(prevalence_pd!C:C,1,0,COUNTA(prevalence_pd!C:C)-1)) -> #REF! | E15: =AVERAGE(OFFSET(prevalence_pd!D:D,1,0,COUNTA(prevalence_pd!D:D)-1)) -> #REF! | F15: =AVERAGE(OFFSET(prevalence_pd!E:E,1,0,COUNTA(prevalence_pd!E:E)-1)) -> #REF! | G15: =AVERAGE(OFFSET(prevalence_pd!F:F,1,0,COUNTA(prevalence_pd!F:F)-1)) -> #REF! | H15: =AVERAGE(OFFSET(prevalence_pd!G:G,1,0,COUNTA(prevalence_pd!G:G)-1)) -> #REF! | I15: =AVERAGE(OFFSET(prevalence_pd!H:H,1,0,COUNTA(prevalence_pd!H:H)-1)) -> #REF! | J15: =AVERAGE(OFFSET(prevalence_pd!I:I,1,0,COUNTA(prevalence_pd!I:I)-1)) -> #REF! | K15: =AVERAGE(OFFSET(prevalence_pd!J:J,1,0,COUNTA(prevalence_pd!J:J)-1)) -> #REF! | L15: =AVERAGE(OFFSET(prevalence_pd!K:K,1,0,COUNTA(prevalence_pd!K:K)-1)) -> #REF! | M15: =AVERAGE(OFFSET(prevalence_pd!L:L,1,0,COUNTA(prevalence_pd!L:L)-1)) -> #REF! | N15: =AVERAGE(OFFSET(prevalence_pd!M:M,1,0,COUNTA(prevalence_pd!M:M)-1)) -> #REF! | O15: =AVERAGE(OFFSET(prevalence_pd!N:N,1,0,COUNTA(prevalence_pd!N:N)-1)) -> #REF! | P15: =AVERAGE(OFFSET(prevalence_pd!O:O,1,0,COUNTA(prevalence_pd!O:O)-1)) -> #REF! | R15: PD | S15: Validation | T15: =_xlfn.STDEV.S(OFFSET(prevalence_pd!B:B,1,0,COUNTA(prevalence_pd!B:B)-1)) -> #REF! | U15: =_xlfn.STDEV.S(OFFSET(prevalence_pd!C:C,1,0,COUNTA(prevalence_pd!C:C)-1)) -> #REF! | V15: =_xlfn.STDEV.S(OFFSET(prevalence_pd!D:D,1,0,COUNTA(prevalence_pd!D:D)-1)) -> #REF! | W15: =_xlfn.STDEV.S(OFFSET(prevalence_pd!E:E,1,0,COUNTA(prevalence_pd!E:E)-1)) -> #REF! | X15: =_xlfn.STDEV.S(OFFSET(prevalence_pd!F:F,1,0,COUNTA(prevalence_pd!F:F)-1)) -> #REF! | Y15: =_xlfn.STDEV.S(OFFSET(prevalence_pd!G:G,1,0,COUNTA(prevalence_pd!G:G)-1)) -> #REF! | Z15: =_xlfn.STDEV.S(OFFSET(prevalence_pd!H:H,1,0,COUNTA(prevalence_pd!H:H)-1)) -> #REF! | AA15: =_xlfn.STDEV.S(OFFSET(prevalence_pd!I:I,1,0,COUNTA(prevalence_pd!I:I)-1)) -> #REF! | AB15: =_xlfn.STDEV.S(OFFSET(prevalence_pd!J:J,1,0,COUNTA(prevalence_pd!J:J)-1)) -> #REF! | AC15: =_xlfn.STDEV.S(OFFSET(prevalence_pd!K:K,1,0,COUNTA(prevalence_pd!K:K)-1)) -> #REF! | AD15: =_xlfn.STDEV.S(OFFSET(prevalence_pd!L:L,1,0,COUNTA(prevalence_pd!L:L)-1)) -> #REF! | AE15: =_xlfn.STDEV.S(OFFSET(prevalence_pd!M:M,1,0,COUNTA(prevalence_pd!M:M)-1)) -> #REF! | AF15: =_xlfn.STDEV.S(OFFSET(prevalence_pd!N:N,1,0,COUNTA(prevalence_pd!N:N)-1)) -> #REF! | AG15: =_xlfn.STDEV.S(OFFSET(prevalence_pd!O:O,1,0,COUNTA(prevalence_pd!O:O)-1)) -> #REF! | AI15: PD | AJ15: Validation | AK15: 0 | AL15: =1.96*U15/SQRT(COUNT(incidence_cadaver!B:B)-1) -> #REF! | AM15: =1.96*V15/SQRT(COUNT(incidence_cadaver!C:C)-1) -> #REF! | AN15: =1.96*W15/SQRT(COUNT(incidence_cadaver!D:D)-1) -> #REF! | AO15: =1.96*X15/SQRT(COUNT(incidence_cadaver!E:E)-1) -> #REF! | AP15: =1.96*Y15/SQRT(COUNT(incidence_cadaver!F:F)-1) -> #REF! | AQ15: =1.96*Z15/SQRT(COUNT(incidence_cadaver!G:G)-1) -> #REF! | AR15: =1.96*AA15/SQRT(COUNT(incidence_cadaver!H:H)-1) -> #REF! | AS15: =1.96*AB15/SQRT(COUNT(incidence_cadaver!I:I)-1) -> #REF! | AT15: =1.96*AC15/SQRT(COUNT(incidence_cadaver!J:J)-1) -> #REF! | AU15: =1.96*AD15/SQRT(COUNT(incidence_cadaver!K:K)-1) -> #REF! | AV15: =1.96*AE15/SQRT(COUNT(incidence_cadaver!L:L)-1) -> #REF! | AW15: =1.96*AF15/SQRT(COUNT(incidence_cadaver!M:M)-1) -> #REF! | AX15: =1.96*AG15/SQRT(COUNT(incidence_cadaver!N:N)-1) -> #REF!
A17: Mortality | R17: Mortality | AI17: Mortality
A18: Total | B18: Validation | C18: =SUM(C19:C23) -> #REF! | D18: =SUM(D19:D23) -> #REF! | E18: =SUM(E19:E23) -> #REF! | F18: =SUM(F19:F23) -> #REF! | G18: =SUM(G19:G23) -> #REF! | H18: =SUM(H19:H23) -> #REF! | I18: =SUM(I19:I23) -> #REF! | J18: =SUM(J19:J23) -> #REF! | ... P18: =SUM(P19:P23) -> #REF! | R18: Total | S18: Validation | T18: =_xlfn.STDEV.S(OFFSET(mortality_total!B:B,1,0,COUNTA(mortality_total!B:B)-1)) -> 0 | U18: =_xlfn.STDEV.S(OFFSET(mortality_total!C:C,1,0,COUNTA(mortality_total!C:C)-1)) -> 0 | V18: =_xlfn.STDEV.S(OFFSET(mortality_total!D:D,1,0,COUNTA(mortality_total!D:D)-1)) -> 0 | W18: =_xlfn.STDEV.S(OFFSET(mortality_total!E:E,1,0,COUNTA(mortality_total!E:E)-1)) -> 0 | X18: =_xlfn.STDEV.S(OFFSET(mortality_total!F:F,1,0,COUNTA(mortality_total!F:F)-1)) -> 0 | Y18: =_xlfn.STDEV.S(OFFSET(mortality_total!G:G,1,0,COUNTA(mortality_total!G:G)-1)) -> 0 | Z18: =_xlfn.STDEV.S(OFFSET(mortality_total!H:H,1,0,COUNTA(mortality_total!H:H)-1)) -> 0 | AA18: =_xlfn.STDEV.S(OFFSET(mortality_total!I:I,1,0,COUNTA(mortality_total!I:I)-1)) -> 0 | AB18: =_xlfn.STDEV.S(OFFSET(mortality_total!J:J,1,0,COUNTA(mortality_total!J:J)-1)) -> 0 | AC18: =_xlfn.STDEV.S(OFFSET(mortality_total!K:K,1,0,COUNTA(mortality_total!K:K)-1)) -> 0 | AD18: =_xlfn.STDEV.S(OFFSET(mortality_total!L:L,1,0,COUNTA(mortality_total!L:L)-1)) -> 0 | AE18: =_xlfn.STDEV.S(OFFSET(mortality_total!M:M,1,0,COUNTA(mortality_total!M:M)-1)) -> 0 | AF18: =_xlfn.STDEV.S(OFFSET(mortality_total!N:N,1,0,COUNTA(mortality_total!N:N)-1)) -> 0 | AG18: =_xlfn.STDEV.S(OFFSET(mortality_total!O:O,1,0,COUNTA(mortality_total!O:O)-1)) -> 0 | AI18: Total | AJ18: Validation | AK18: 0 | AL18: =1.96*U18/SQRT(COUNT(incidence_cadaver!B:B)-1) -> #DIV/0! | AM18: =1.96*V18/SQRT(COUNT(incidence_cadaver!C:C)-1) -> #DIV/0! | AN18: =1.96*W18/SQRT(COUNT(incidence_cadaver!D:D)-1) -> #DIV/0! | AO18: =1.96*X18/SQRT(COUNT(incidence_cadaver!E:E)-1) -> #DIV/0! | AP18: =1.96*Y18/SQRT(COUNT(incidence_cadaver!F:F)-1) -> #DIV/0! | AQ18: =1.96*Z18/SQRT(COUNT(incidence_cadaver!G:G)-1) -> #DIV/0! | AR18: =1.96*AA18/SQRT(COUNT(incidence_cadaver!H:H)-1) -> #DIV/0! | AS18: =1.96*AB18/SQRT(COUNT(incidence_cadaver!I:I)-1) -> #DIV/0! | AT18: =1.96*AC18/SQRT(COUNT(incidence_cadaver!J:J)-1) -> #DIV/0! | AU18: =1.96*AD18/SQRT(COUNT(incidence_cadaver!K:K)-1) -> #DIV/0! | AV18: =1.96*AE18/SQRT(COUNT(incidence_cadaver!L:L)-1) -> #DIV/0! | AW18: =1.96*AF18/SQRT(COUNT(incidence_cadaver!M:M)-1) -> #DIV/0! | AX18: =1.96*AG18/SQRT(COUNT(incidence_cadaver!N:N)-1) -> #DIV/0!
A19: Cadaver | B19: Validation | C19: =AVERAGE(OFFSET(mortality_cadaver!B:B,1,0,COUNTA(mortality_cadaver!B:B)-1)) -> #REF! | D19: =AVERAGE(OFFSET(mortality_cadaver!C:C,1,0,COUNTA(mortality_cadaver!C:C)-1)) -> #REF! | E19: =AVERAGE(OFFSET(mortality_cadaver!D:D,1,0,COUNTA(mortality_cadaver!D:D)-1)) -> #REF! | F19: =AVERAGE(OFFSET(mortality_cadaver!E:E,1,0,COUNTA(mortality_cadaver!E:E)-1)) -> #REF! | G19: =AVERAGE(OFFSET(mortality_cadaver!F:F,1,0,COUNTA(mortality_cadaver!F:F)-1)) -> #REF! | H19: =AVERAGE(OFFSET(mortality_cadaver!G:G,1,0,COUNTA(mortality_cadaver!G:G)-1)) -> #REF! | I19: =AVERAGE(OFFSET(mortality_cadaver!H:H,1,0,COUNTA(mortality_cadaver!H:H)-1)) -> #REF! | J19: =AVERAGE(OFFSET(mortality_cadaver!I:I,1,0,COUNTA(mortality_cadaver!I:I)-1)) -> #REF! | K19: =AVERAGE(OFFSET(mortality_cadaver!J:J,1,0,COUNTA(mortality_cadaver!J:J)-1)) -> #REF! | L19: =AVERAGE(OFFSET(mortality_cadaver!K:K,1,0,COUNTA(mortality_cadaver!K:K)-1)) -> #REF! | M19: =AVERAGE(OFFSET(mortality_cadaver!L:L,1,0,COUNTA(mortality_cadaver!L:L)-1)) -> #REF! | N19: =AVERAGE(OFFSET(mortality_cadaver!M:M,1,0,COUNTA(mortality_cadaver!M:M)-1)) -> #REF! | O19: =AVERAGE(OFFSET(mortality_cadaver!N:N,1,0,COUNTA(mortality_cadaver!N:N)-1)) -> #REF! | P19: =AVERAGE(OFFSET(mortality_cadaver!O:O,1,0,COUNTA(mortality_cadaver!O:O)-1)) -> #REF! | R19: Cadaver | S19: Validation | T19: =_xlfn.STDEV.S(OFFSET(mortality_cadaver!B:B,1,0,COUNTA(mortality_cadaver!B:B)-1)) -> #REF! | U19: =_xlfn.STDEV.S(OFFSET(mortality_cadaver!C:C,1,0,COUNTA(mortality_cadaver!C:C)-1)) -> #REF! | V19: =_xlfn.STDEV.S(OFFSET(mortality_cadaver!D:D,1,0,COUNTA(mortality_cadaver!D:D)-1)) -> #REF! | W19: =_xlfn.STDEV.S(OFFSET(mortality_cadaver!E:E,1,0,COUNTA(mortality_cadaver!E:E)-1)) -> #REF! | X19: =_xlfn.STDEV.S(OFFSET(mortality_cadaver!F:F,1,0,COUNTA(mortality_cadaver!F:F)-1)) -> #REF! | Y19: =_xlfn.STDEV.S(OFFSET(mortality_cadaver!G:G,1,0,COUNTA(mortality_cadaver!G:G)-1)) -> #REF! | Z19: =_xlfn.STDEV.S(OFFSET(mortality_cadaver!H:H,1,0,COUNTA(mortality_cadaver!H:H)-1)) -> #REF! | AA19: =_xlfn.STDEV.S(OFFSET(mortality_cadaver!I:I,1,0,COUNTA(mortality_cadaver!I:I)-1)) -> #REF! | AB19: =_xlfn.STDEV.S(OFFSET(mortality_cadaver!J:J,1,0,COUNTA(mortality_cadaver!J:J)-1)) -> #REF! | AC19: =_xlfn.STDEV.S(OFFSET(mortality_cadaver!K:K,1,0,COUNTA(mortality_cadaver!K:K)-1)) -> #REF! | AD19: =_xlfn.STDEV.S(OFFSET(mortality_cadaver!L:L,1,0,COUNTA(mortality_cadaver!L:L)-1)) -> #REF! | AE19: =_xlfn.STDEV.S(OFFSET(mortality_cadaver!M:M,1,0,COUNTA(mortality_cadaver!M:M)-1)) -> #REF! | AF19: =_xlfn.STDEV.S(OFFSET(mortality_cadaver!N:N,1,0,COUNTA(mortality_cadaver!N:N)-1)) -> #REF! | AG19: =_xlfn.STDEV.S(OFFSET(mortality_cadaver!O:O,1,0,COUNTA(mortality_cadaver!O:O)-1)) -> #REF! | AI19: Cadaver | AJ19: Validation | AK19: 0 | AL19: =1.96*U19/SQRT(COUNT(incidence_cadaver!B:B)-1) -> #REF! | AM19: =1.96*V19/SQRT(COUNT(incidence_cadaver!C:C)-1) -> #REF! | AN19: =1.96*W19/SQRT(COUNT(incidence_cadaver!D:D)-1) -> #REF! | AO19: =1.96*X19/SQRT(COUNT(incidence_cadaver!E:E)-1) -> #REF! | AP19: =1.96*Y19/SQRT(COUNT(incidence_cadaver!F:F)-1) -> #REF! | AQ19: =1.96*Z19/SQRT(COUNT(incidence_cadaver!G:G)-1) -> #REF! | AR19: =1.96*AA19/SQRT(COUNT(incidence_cadaver!H:H)-1) -> #REF! | AS19: =1.96*AB19/SQRT(COUNT(incidence_cadaver!I:I)-1) -> #REF! | AT19: =1.96*AC19/SQRT(COUNT(incidence_cadaver!J:J)-1) -> #REF! | AU19: =1.96*AD19/SQRT(COUNT(incidence_cadaver!K:K)-1) -> #REF! | AV19: =1.96*AE19/SQRT(COUNT(incidence_cadaver!L:L)-1) -> #REF! | AW19: =1.96*AF19/SQRT(COUNT(incidence_cadaver!M:M)-1) -> #REF! | AX19: =1.96*AG19/SQRT(COUNT(incidence_cadaver!N:N)-1) -> #REF!
A20: Live | B20: Validation | C20: =AVERAGE(OFFSET(mortality_live!B:B,1,0,COUNTA(mortality_live!B:B)-1)) -> #REF! | D20: =AVERAGE(OFFSET(mortality_live!C:C,1,0,COUNTA(mortality_live!C:C)-1)) -> #REF! | E20: =AVERAGE(OFFSET(mortality_live!D:D,1,0,COUNTA(mortality_live!D:D)-1)) -> #REF! | F20: =AVERAGE(OFFSET(mortality_live!E:E,1,0,COUNTA(mortality_live!E:E)-1)) -> #REF! | G20: =AVERAGE(OFFSET(mortality_live!F:F,1,0,COUNTA(mortality_live!F:F)-1)) -> #REF! | H20: =AVERAGE(OFFSET(mortality_live!G:G,1,0,COUNTA(mortality_live!G:G)-1)) -> #REF! | I20: =AVERAGE(OFFSET(mortality_live!H:H,1,0,COUNTA(mortality_live!H:H)-1)) -> #REF! | J20: =AVERAGE(OFFSET(mortality_live!I:I,1,0,COUNTA(mortality_live!I:I)-1)) -> #REF! | K20: =AVERAGE(OFFSET(mortality_live!J:J,1,0,COUNTA(mortality_live!J:J)-1)) -> #REF! | L20: =AVERAGE(OFFSET(mortality_live!K:K,1,0,COUNTA(mortality_live!K:K)-1)) -> #REF! | M20: =AVERAGE(OFFSET(mortality_live!L:L,1,0,COUNTA(mortality_live!L:L)-1)) -> #REF! | N20: =AVERAGE(OFFSET(mortality_live!M:M,1,0,COUNTA(mortality_live!M:M)-1)) -> #REF! | O20: =AVERAGE(OFFSET(mortality_live!N:N,1,0,COUNTA(mortality_live!N:N)-1)) -> #REF! | P20: =AVERAGE(OFFSET(mortality_live!O:O,1,0,COUNTA(mortality_live!O:O)-1)) -> #REF! | R20: Live | S20: Validation | T20: =_xlfn.STDEV.S(OFFSET(mortality_live!B:B,1,0,COUNTA(mortality_live!B:B)-1)) -> #REF! | U20: =_xlfn.STDEV.S(OFFSET(mortality_live!C:C,1,0,COUNTA(mortality_live!C:C)-1)) -> #REF! | V20: =_xlfn.STDEV.S(OFFSET(mortality_live!D:D,1,0,COUNTA(mortality_live!D:D)-1)) -> #REF! | W20: =_xlfn.STDEV.S(OFFSET(mortality_live!E:E,1,0,COUNTA(mortality_live!E:E)-1)) -> #REF! | X20: =_xlfn.STDEV.S(OFFSET(mortality_live!F:F,1,0,COUNTA(mortality_live!F:F)-1)) -> #REF! | Y20: =_xlfn.STDEV.S(OFFSET(mortality_live!G:G,1,0,COUNTA(mortality_live!G:G)-1)) -> #REF! | Z20: =_xlfn.STDEV.S(OFFSET(mortality_live!H:H,1,0,COUNTA(mortality_live!H:H)-1)) -> #REF! | AA20: =_xlfn.STDEV.S(OFFSET(mortality_live!I:I,1,0,COUNTA(mortality_live!I:I)-1)) -> #REF! | AB20: =_xlfn.STDEV.S(OFFSET(mortality_live!J:J,1,0,COUNTA(mortality_live!J:J)-1)) -> #REF! | AC20: =_xlfn.STDEV.S(OFFSET(mortality_live!K:K,1,0,COUNTA(mortality_live!K:K)-1)) -> #REF! | AD20: =_xlfn.STDEV.S(OFFSET(mortality_live!L:L,1,0,COUNTA(mortality_live!L:L)-1)) -> #REF! | AE20: =_xlfn.STDEV.S(OFFSET(mortality_live!M:M,1,0,COUNTA(mortality_live!M:M)-1)) -> #REF! | AF20: =_xlfn.STDEV.S(OFFSET(mortality_live!N:N,1,0,COUNTA(mortality_live!N:N)-1)) -> #REF! | AG20: =_xlfn.STDEV.S(OFFSET(mortality_live!O:O,1,0,COUNTA(mortality_live!O:O)-1)) -> #REF! | AI20: Live | AJ20: Validation | AK20: 0 | AL20: =1.96*U20/SQRT(COUNT(incidence_cadaver!B:B)-1) -> #REF! | AM20: =1.96*V20/SQRT(COUNT(incidence_cadaver!C:C)-1) -> #REF! | AN20: =1.96*W20/SQRT(COUNT(incidence_cadaver!D:D)-1) -> #REF! | AO20: =1.96*X20/SQRT(COUNT(incidence_cadaver!E:E)-1) -> #REF! | AP20: =1.96*Y20/SQRT(COUNT(incidence_cadaver!F:F)-1) -> #REF! | AQ20: =1.96*Z20/SQRT(COUNT(incidence_cadaver!G:G)-1) -> #REF! | AR20: =1.96*AA20/SQRT(COUNT(incidence_cadaver!H:H)-1) -> #REF! | AS20: =1.96*AB20/SQRT(COUNT(incidence_cadaver!I:I)-1) -> #REF! | AT20: =1.96*AC20/SQRT(COUNT(incidence_cadaver!J:J)-1) -> #REF! | AU20: =1.96*AD20/SQRT(COUNT(incidence_cadaver!K:K)-1) -> #REF! | AV20: =1.96*AE20/SQRT(COUNT(incidence_cadaver!L:L)-1) -> #REF! | AW20: =1.96*AF20/SQRT(COUNT(incidence_cadaver!M:M)-1) -> #REF! | AX20: =1.96*AG20/SQRT(COUNT(incidence_cadaver!N:N)-1) -> #REF!
A21: ICHD | B21: Validation | C21: =AVERAGE(OFFSET(mortality_ichd!B:B,1,0,COUNTA(mortality_ichd!B:B)-1)) -> #REF! | D21: =AVERAGE(OFFSET(mortality_ichd!C:C,1,0,COUNTA(mortality_ichd!C:C)-1)) -> #REF! | E21: =AVERAGE(OFFSET(mortality_ichd!D:D,1,0,COUNTA(mortality_ichd!D:D)-1)) -> #REF! | F21: =AVERAGE(OFFSET(mortality_ichd!E:E,1,0,COUNTA(mortality_ichd!E:E)-1)) -> #REF! | G21: =AVERAGE(OFFSET(mortality_ichd!F:F,1,0,COUNTA(mortality_ichd!F:F)-1)) -> #REF! | H21: =AVERAGE(OFFSET(mortality_ichd!G:G,1,0,COUNTA(mortality_ichd!G:G)-1)) -> #REF! | I21: =AVERAGE(OFFSET(mortality_ichd!H:H,1,0,COUNTA(mortality_ichd!H:H)-1)) -> #REF! | J21: =AVERAGE(OFFSET(mortality_ichd!I:I,1,0,COUNTA(mortality_ichd!I:I)-1)) -> #REF! | K21: =AVERAGE(OFFSET(mortality_ichd!J:J,1,0,COUNTA(mortality_ichd!J:J)-1)) -> #REF! | L21: =AVERAGE(OFFSET(mortality_ichd!K:K,1,0,COUNTA(mortality_ichd!K:K)-1)) -> #REF! | M21: =AVERAGE(OFFSET(mortality_ichd!L:L,1,0,COUNTA(mortality_ichd!L:L)-1)) -> #REF! | N21: =AVERAGE(OFFSET(mortality_ichd!M:M,1,0,COUNTA(mortality_ichd!M:M)-1)) -> #REF! | O21: =AVERAGE(OFFSET(mortality_ichd!N:N,1,0,COUNTA(mortality_ichd!N:N)-1)) -> #REF! | P21: =AVERAGE(OFFSET(mortality_ichd!O:O,1,0,COUNTA(mortality_ichd!O:O)-1)) -> #REF! | R21: ICHD | S21: Validation | T21: =_xlfn.STDEV.S(OFFSET(mortality_ichd!B:B,1,0,COUNTA(mortality_ichd!B:B)-1)) -> #REF! | U21: =_xlfn.STDEV.S(OFFSET(mortality_ichd!C:C,1,0,COUNTA(mortality_ichd!C:C)-1)) -> #REF! | V21: =_xlfn.STDEV.S(OFFSET(mortality_ichd!D:D,1,0,COUNTA(mortality_ichd!D:D)-1)) -> #REF! | W21: =_xlfn.STDEV.S(OFFSET(mortality_ichd!E:E,1,0,COUNTA(mortality_ichd!E:E)-1)) -> #REF! | X21: =_xlfn.STDEV.S(OFFSET(mortality_ichd!F:F,1,0,COUNTA(mortality_ichd!F:F)-1)) -> #REF! | Y21: =_xlfn.STDEV.S(OFFSET(mortality_ichd!G:G,1,0,COUNTA(mortality_ichd!G:G)-1)) -> #REF! | Z21: =_xlfn.STDEV.S(OFFSET(mortality_ichd!H:H,1,0,COUNTA(mortality_ichd!H:H)-1)) -> #REF! | AA21: =_xlfn.STDEV.S(OFFSET(mortality_ichd!I:I,1,0,COUNTA(mortality_ichd!I:I)-1)) -> #REF! | AB21: =_xlfn.STDEV.S(OFFSET(mortality_ichd!J:J,1,0,COUNTA(mortality_ichd!J:J)-1)) -> #REF! | AC21: =_xlfn.STDEV.S(OFFSET(mortality_ichd!K:K,1,0,COUNTA(mortality_ichd!K:K)-1)) -> #REF! | AD21: =_xlfn.STDEV.S(OFFSET(mortality_ichd!L:L,1,0,COUNTA(mortality_ichd!L:L)-1)) -> #REF! | AE21: =_xlfn.STDEV.S(OFFSET(mortality_ichd!M:M,1,0,COUNTA(mortality_ichd!M:M)-1)) -> #REF! | AF21: =_xlfn.STDEV.S(OFFSET(mortality_ichd!N:N,1,0,COUNTA(mortality_ichd!N:N)-1)) -> #REF! | AG21: =_xlfn.STDEV.S(OFFSET(mortality_ichd!O:O,1,0,COUNTA(mortality_ichd!O:O)-1)) -> #REF! | AI21: ICHD | AJ21: Validation | AK21: 0 | AL21: =1.96*U21/SQRT(COUNT(incidence_cadaver!B:B)-1) -> #REF! | AM21: =1.96*V21/SQRT(COUNT(incidence_cadaver!C:C)-1) -> #REF! | AN21: =1.96*W21/SQRT(COUNT(incidence_cadaver!D:D)-1) -> #REF! | AO21: =1.96*X21/SQRT(COUNT(incidence_cadaver!E:E)-1) -> #REF! | AP21: =1.96*Y21/SQRT(COUNT(incidence_cadaver!F:F)-1) -> #REF! | AQ21: =1.96*Z21/SQRT(COUNT(incidence_cadaver!G:G)-1) -> #REF! | AR21: =1.96*AA21/SQRT(COUNT(incidence_cadaver!H:H)-1) -> #REF! | AS21: =1.96*AB21/SQRT(COUNT(incidence_cadaver!I:I)-1) -> #REF! | AT21: =1.96*AC21/SQRT(COUNT(incidence_cadaver!J:J)-1) -> #REF! | AU21: =1.96*AD21/SQRT(COUNT(incidence_cadaver!K:K)-1) -> #REF! | AV21: =1.96*AE21/SQRT(COUNT(incidence_cadaver!L:L)-1) -> #REF! | AW21: =1.96*AF21/SQRT(COUNT(incidence_cadaver!M:M)-1) -> #REF! | AX21: =1.96*AG21/SQRT(COUNT(incidence_cadaver!N:N)-1) -> #REF!
A22: HHD | B22: Validation | C22: =AVERAGE(OFFSET(mortality_hhd!B:B,1,0,COUNTA(mortality_hhd!B:B)-1)) -> #REF! | D22: =AVERAGE(OFFSET(mortality_hhd!C:C,1,0,COUNTA(mortality_hhd!C:C)-1)) -> #REF! | E22: =AVERAGE(OFFSET(mortality_hhd!D:D,1,0,COUNTA(mortality_hhd!D:D)-1)) -> #REF! | F22: =AVERAGE(OFFSET(mortality_hhd!E:E,1,0,COUNTA(mortality_hhd!E:E)-1)) -> #REF! | G22: =AVERAGE(OFFSET(mortality_hhd!F:F,1,0,COUNTA(mortality_hhd!F:F)-1)) -> #REF! | H22: =AVERAGE(OFFSET(mortality_hhd!G:G,1,0,COUNTA(mortality_hhd!G:G)-1)) -> #REF! | I22: =AVERAGE(OFFSET(mortality_hhd!H:H,1,0,COUNTA(mortality_hhd!H:H)-1)) -> #REF! | J22: =AVERAGE(OFFSET(mortality_hhd!I:I,1,0,COUNTA(mortality_hhd!I:I)-1)) -> #REF! | K22: =AVERAGE(OFFSET(mortality_hhd!J:J,1,0,COUNTA(mortality_hhd!J:J)-1)) -> #REF! | L22: =AVERAGE(OFFSET(mortality_hhd!K:K,1,0,COUNTA(mortality_hhd!K:K)-1)) -> #REF! | M22: =AVERAGE(OFFSET(mortality_hhd!L:L,1,0,COUNTA(mortality_hhd!L:L)-1)) -> #REF! | N22: =AVERAGE(OFFSET(mortality_hhd!M:M,1,0,COUNTA(mortality_hhd!M:M)-1)) -> #REF! | O22: =AVERAGE(OFFSET(mortality_hhd!N:N,1,0,COUNTA(mortality_hhd!N:N)-1)) -> #REF! | P22: =AVERAGE(OFFSET(mortality_hhd!O:O,1,0,COUNTA(mortality_hhd!O:O)-1)) -> #REF! | R22: HHD | S22: Validation | T22: =_xlfn.STDEV.S(OFFSET(mortality_hhd!B:B,1,0,COUNTA(mortality_hhd!B:B)-1)) -> #REF! | U22: =_xlfn.STDEV.S(OFFSET(mortality_hhd!C:C,1,0,COUNTA(mortality_hhd!C:C)-1)) -> #REF! | V22: =_xlfn.STDEV.S(OFFSET(mortality_hhd!D:D,1,0,COUNTA(mortality_hhd!D:D)-1)) -> #REF! | W22: =_xlfn.STDEV.S(OFFSET(mortality_hhd!E:E,1,0,COUNTA(mortality_hhd!E:E)-1)) -> #REF! | X22: =_xlfn.STDEV.S(OFFSET(mortality_hhd!F:F,1,0,COUNTA(mortality_hhd!F:F)-1)) -> #REF! | Y22: =_xlfn.STDEV.S(OFFSET(mortality_hhd!G:G,1,0,COUNTA(mortality_hhd!G:G)-1)) -> #REF! | Z22: =_xlfn.STDEV.S(OFFSET(mortality_hhd!H:H,1,0,COUNTA(mortality_hhd!H:H)-1)) -> #REF! | AA22: =_xlfn.STDEV.S(OFFSET(mortality_hhd!I:I,1,0,COUNTA(mortality_hhd!I:I)-1)) -> #REF! | AB22: =_xlfn.STDEV.S(OFFSET(mortality_hhd!J:J,1,0,COUNTA(mortality_hhd!J:J)-1)) -> #REF! | AC22: =_xlfn.STDEV.S(OFFSET(mortality_hhd!K:K,1,0,COUNTA(mortality_hhd!K:K)-1)) -> #REF! | AD22: =_xlfn.STDEV.S(OFFSET(mortality_hhd!L:L,1,0,COUNTA(mortality_hhd!L:L)-1)) -> #REF! | AE22: =_xlfn.STDEV.S(OFFSET(mortality_hhd!M:M,1,0,COUNTA(mortality_hhd!M:M)-1)) -> #REF! | AF22: =_xlfn.STDEV.S(OFFSET(mortality_hhd!N:N,1,0,COUNTA(mortality_hhd!N:N)-1)) -> #REF! | AG22: =_xlfn.STDEV.S(OFFSET(mortality_hhd!O:O,1,0,COUNTA(mortality_hhd!O:O)-1)) -> #REF! | AI22: HHD | AJ22: Validation | AK22: 0 | AL22: =1.96*U22/SQRT(COUNT(incidence_cadaver!B:B)-1) -> #REF! | AM22: =1.96*V22/SQRT(COUNT(incidence_cadaver!C:C)-1) -> #REF! | AN22: =1.96*W22/SQRT(COUNT(incidence_cadaver!D:D)-1) -> #REF! | AO22: =1.96*X22/SQRT(COUNT(incidence_cadaver!E:E)-1) -> #REF! | AP22: =1.96*Y22/SQRT(COUNT(incidence_cadaver!F:F)-1) -> #REF! | AQ22: =1.96*Z22/SQRT(COUNT(incidence_cadaver!G:G)-1) -> #REF! | AR22: =1.96*AA22/SQRT(COUNT(incidence_cadaver!H:H)-1) -> #REF! | AS22: =1.96*AB22/SQRT(COUNT(incidence_cadaver!I:I)-1) -> #REF! | AT22: =1.96*AC22/SQRT(COUNT(incidence_cadaver!J:J)-1) -> #REF! | AU22: =1.96*AD22/SQRT(COUNT(incidence_cadaver!K:K)-1) -> #REF! | AV22: =1.96*AE22/SQRT(COUNT(incidence_cadaver!L:L)-1) -> #REF! | AW22: =1.96*AF22/SQRT(COUNT(incidence_cadaver!M:M)-1) -> #REF! | AX22: =1.96*AG22/SQRT(COUNT(incidence_cadaver!N:N)-1) -> #REF!
A23: PD | B23: Validation | C23: =AVERAGE(OFFSET(mortality_pd!B:B,1,0,COUNTA(mortality_pd!B:B)-1)) -> #REF! | D23: =AVERAGE(OFFSET(mortality_pd!C:C,1,0,COUNTA(mortality_pd!C:C)-1)) -> #REF! | E23: =AVERAGE(OFFSET(mortality_pd!D:D,1,0,COUNTA(mortality_pd!D:D)-1)) -> #REF! | F23: =AVERAGE(OFFSET(mortality_pd!E:E,1,0,COUNTA(mortality_pd!E:E)-1)) -> #REF! | G23: =AVERAGE(OFFSET(mortality_pd!F:F,1,0,COUNTA(mortality_pd!F:F)-1)) -> #REF! | H23: =AVERAGE(OFFSET(mortality_pd!G:G,1,0,COUNTA(mortality_pd!G:G)-1)) -> #REF! | I23: =AVERAGE(OFFSET(mortality_pd!H:H,1,0,COUNTA(mortality_pd!H:H)-1)) -> #REF! | J23: =AVERAGE(OFFSET(mortality_pd!I:I,1,0,COUNTA(mortality_pd!I:I)-1)) -> #REF! | K23: =AVERAGE(OFFSET(mortality_pd!J:J,1,0,COUNTA(mortality_pd!J:J)-1)) -> #REF! | L23: =AVERAGE(OFFSET(mortality_pd!K:K,1,0,COUNTA(mortality_pd!K:K)-1)) -> #REF! | M23: =AVERAGE(OFFSET(mortality_pd!L:L,1,0,COUNTA(mortality_pd!L:L)-1)) -> #REF! | N23: =AVERAGE(OFFSET(mortality_pd!M:M,1,0,COUNTA(mortality_pd!M:M)-1)) -> #REF! | O23: =AVERAGE(OFFSET(mortality_pd!N:N,1,0,COUNTA(mortality_pd!N:N)-1)) -> #REF! | P23: =AVERAGE(OFFSET(mortality_pd!O:O,1,0,COUNTA(mortality_pd!O:O)-1)) -> #REF! | R23: PD | S23: Validation | T23: =_xlfn.STDEV.S(OFFSET(mortality_pd!B:B,1,0,COUNTA(mortality_pd!B:B)-1)) -> #REF! | U23: =_xlfn.STDEV.S(OFFSET(mortality_pd!C:C,1,0,COUNTA(mortality_pd!C:C)-1)) -> #REF! | V23: =_xlfn.STDEV.S(OFFSET(mortality_pd!D:D,1,0,COUNTA(mortality_pd!D:D)-1)) -> #REF! | W23: =_xlfn.STDEV.S(OFFSET(mortality_pd!E:E,1,0,COUNTA(mortality_pd!E:E)-1)) -> #REF! | X23: =_xlfn.STDEV.S(OFFSET(mortality_pd!F:F,1,0,COUNTA(mortality_pd!F:F)-1)) -> #REF! | Y23: =_xlfn.STDEV.S(OFFSET(mortality_pd!G:G,1,0,COUNTA(mortality_pd!G:G)-1)) -> #REF! | Z23: =_xlfn.STDEV.S(OFFSET(mortality_pd!H:H,1,0,COUNTA(mortality_pd!H:H)-1)) -> #REF! | AA23: =_xlfn.STDEV.S(OFFSET(mortality_pd!I:I,1,0,COUNTA(mortality_pd!I:I)-1)) -> #REF! | AB23: =_xlfn.STDEV.S(OFFSET(mortality_pd!J:J,1,0,COUNTA(mortality_pd!J:J)-1)) -> #REF! | AC23: =_xlfn.STDEV.S(OFFSET(mortality_pd!K:K,1,0,COUNTA(mortality_pd!K:K)-1)) -> #REF! | AD23: =_xlfn.STDEV.S(OFFSET(mortality_pd!L:L,1,0,COUNTA(mortality_pd!L:L)-1)) -> #REF! | AE23: =_xlfn.STDEV.S(OFFSET(mortality_pd!M:M,1,0,COUNTA(mortality_pd!M:M)-1)) -> #REF! | AF23: =_xlfn.STDEV.S(OFFSET(mortality_pd!N:N,1,0,COUNTA(mortality_pd!N:N)-1)) -> #REF! | AG23: =_xlfn.STDEV.S(OFFSET(mortality_pd!O:O,1,0,COUNTA(mortality_pd!O:O)-1)) -> #REF! | AI23: PD | AJ23: Validation | AK23: 0 | AL23: =1.96*U23/SQRT(COUNT(incidence_cadaver!B:B)-1) -> #REF! | AM23: =1.96*V23/SQRT(COUNT(incidence_cadaver!C:C)-1) -> #REF! | AN23: =1.96*W23/SQRT(COUNT(incidence_cadaver!D:D)-1) -> #REF! | AO23: =1.96*X23/SQRT(COUNT(incidence_cadaver!E:E)-1) -> #REF! | AP23: =1.96*Y23/SQRT(COUNT(incidence_cadaver!F:F)-1) -> #REF! | AQ23: =1.96*Z23/SQRT(COUNT(incidence_cadaver!G:G)-1) -> #REF! | AR23: =1.96*AA23/SQRT(COUNT(incidence_cadaver!H:H)-1) -> #REF! | AS23: =1.96*AB23/SQRT(COUNT(incidence_cadaver!I:I)-1) -> #REF! | AT23: =1.96*AC23/SQRT(COUNT(incidence_cadaver!J:J)-1) -> #REF! | AU23: =1.96*AD23/SQRT(COUNT(incidence_cadaver!K:K)-1) -> #REF! | AV23: =1.96*AE23/SQRT(COUNT(incidence_cadaver!L:L)-1) -> #REF! | AW23: =1.96*AF23/SQRT(COUNT(incidence_cadaver!M:M)-1) -> #REF! | AX23: =1.96*AG23/SQRT(COUNT(incidence_cadaver!N:N)-1) -> #REF!
A25: Incidence | B25: CI lower
A26: Total | B26: LCL Validation
A27: Cadaver | B27: LCL Validation | C27: =C3-AK3 -> #REF! | D27: =D3-AL3 -> #REF! | E27: =E3-AM3 -> #REF! | F27: =F3-AN3 -> #REF! | G27: =G3-AO3 -> #REF! | H27: =H3-AP3 -> #REF! | I27: =I3-AQ3 -> #REF! | J27: =J3-AR3 -> #REF! | ... P27: =P3-AX3 -> #REF! | R27: Total runs | S27: =COUNTA(prevalence_cadaver!B:B)-1 -> 0
A28: Live | B28: LCL Validation | C28: =C4-AK4 -> #REF! | D28: =D4-AL4 -> #REF! | E28: =E4-AM4 -> #REF! | F28: =F4-AN4 -> #REF! | G28: =G4-AO4 -> #REF! | H28: =H4-AP4 -> #REF! | I28: =I4-AQ4 -> #REF! | J28: =J4-AR4 -> #REF! | ... P28: =P4-AX4 -> #REF!
A29: ICHD | B29: LCL Validation | C29: =C5-AK5 -> #REF! | D29: =D5-AL5 -> #REF! | E29: =E5-AM5 -> #REF! | F29: =F5-AN5 -> #REF! | G29: =G5-AO5 -> #REF! | H29: =H5-AP5 -> #REF! | I29: =I5-AQ5 -> #REF! | J29: =J5-AR5 -> #REF! | ... P29: =P5-AX5 -> #REF!
A30: HHD | B30: LCL Validation | C30: =C6-AK6 -> #REF! | D30: =D6-AL6 -> #REF! | E30: =E6-AM6 -> #REF! | F30: =F6-AN6 -> #REF! | G30: =G6-AO6 -> #REF! | H30: =H6-AP6 -> #REF! | I30: =I6-AQ6 -> #REF! | J30: =J6-AR6 -> #REF! | ... P30: =P6-AX6 -> #REF!
A31: PD | B31: LCL Validation | C31: =C7-AK7 -> #REF! | D31: =D7-AL7 -> #REF! | E31: =E7-AM7 -> #REF! | F31: =F7-AN7 -> #REF! | G31: =G7-AO7 -> #REF! | H31: =H7-AP7 -> #REF! | I31: =I7-AQ7 -> #REF! | J31: =J7-AR7 -> #REF! | ... P31: =P7-AX7 -> #REF!
A33: Prevalence
A34: Total | B34: LCL Validation | C34: =C10-AK10 -> #REF! | D34: =D10-AL10 -> #REF! | E34: =E10-AM10 -> #REF! | F34: =F10-AN10 -> #REF! | G34: =G10-AO10 -> #REF! | H34: =H10-AP10 -> #REF! | I34: =I10-AQ10 -> #REF! | J34: =J10-AR10 -> #REF! | ... P34: =P10-AX10 -> #REF!
A35: Cadaver | B35: LCL Validation | C35: =C11-AK11 -> #REF! | D35: =D11-AL11 -> #REF! | E35: =E11-AM11 -> #REF! | F35: =F11-AN11 -> #REF! | G35: =G11-AO11 -> #REF! | H35: =H11-AP11 -> #REF! | I35: =I11-AQ11 -> #REF! | J35: =J11-AR11 -> #REF! | ... P35: =P11-AX11 -> #REF!
A36: Live | B36: LCL Validation | C36: =C12-AK12 -> #REF! | D36: =D12-AL12 -> #REF! | E36: =E12-AM12 -> #REF! | F36: =F12-AN12 -> #REF! | G36: =G12-AO12 -> #REF! | H36: =H12-AP12 -> #REF! | I36: =I12-AQ12 -> #REF! | J36: =J12-AR12 -> #REF! | ... P36: =P12-AX12 -> #REF!
A37: ICHD | B37: LCL Validation | C37: =C13-AK13 -> #REF! | D37: =D13-AL13 -> #REF! | E37: =E13-AM13 -> #REF! | F37: =F13-AN13 -> #REF! | G37: =G13-AO13 -> #REF! | H37: =H13-AP13 -> #REF! | I37: =I13-AQ13 -> #REF! | J37: =J13-AR13 -> #REF! | ... P37: =P13-AX13 -> #REF!
A38: HHD | B38: LCL Validation | C38: =C14-AK14 -> #REF! | D38: =D14-AL14 -> #REF! | E38: =E14-AM14 -> #REF! | F38: =F14-AN14 -> #REF! | G38: =G14-AO14 -> #REF! | H38: =H14-AP14 -> #REF! | I38: =I14-AQ14 -> #REF! | J38: =J14-AR14 -> #REF! | ... P38: =P14-AX14 -> #REF!
A39: PD | B39: LCL Validation | C39: =C15-AK15 -> #REF! | D39: =D15-AL15 -> #REF! | E39: =E15-AM15 -> #REF! | F39: =F15-AN15 -> #REF! | G39: =G15-AO15 -> #REF! | H39: =H15-AP15 -> #REF! | I39: =I15-AQ15 -> #REF! | J39: =J15-AR15 -> #REF! | ... P39: =P15-AX15 -> #REF!
A41: Mortality
A42: Total | B42: LCL Validation | C42: =C18-AK18 -> #REF! | D42: =D18-AL18 -> #REF! | E42: =E18-AM18 -> #REF! | F42: =F18-AN18 -> #REF! | G42: =G18-AO18 -> #REF! | H42: =H18-AP18 -> #REF! | I42: =I18-AQ18 -> #REF! | J42: =J18-AR18 -> #REF! | ... P42: =P18-AX18 -> #REF!
A43: Cadaver | B43: LCL Validation | C43: =C19-AK19 -> #REF! | D43: =D19-AL19 -> #REF! | E43: =E19-AM19 -> #REF! | F43: =F19-AN19 -> #REF! | G43: =G19-AO19 -> #REF! | H43: =H19-AP19 -> #REF! | I43: =I19-AQ19 -> #REF! | J43: =J19-AR19 -> #REF! | ... P43: =P19-AX19 -> #REF!
A44: Live | B44: LCL Validation | C44: =C20-AK20 -> #REF! | D44: =D20-AL20 -> #REF! | E44: =E20-AM20 -> #REF! | F44: =F20-AN20 -> #REF! | G44: =G20-AO20 -> #REF! | H44: =H20-AP20 -> #REF! | I44: =I20-AQ20 -> #REF! | J44: =J20-AR20 -> #REF! | ... P44: =P20-AX20 -> #REF!
A45: ICHD | B45: LCL Validation | C45: =C21-AK21 -> #REF! | D45: =D21-AL21 -> #REF! | E45: =E21-AM21 -> #REF! | F45: =F21-AN21 -> #REF! | G45: =G21-AO21 -> #REF! | H45: =H21-AP21 -> #REF! | I45: =I21-AQ21 -> #REF! | J45: =J21-AR21 -> #REF! | ... P45: =P21-AX21 -> #REF!
A46: HHD | B46: LCL Validation | C46: =C22-AK22 -> #REF! | D46: =D22-AL22 -> #REF! | E46: =E22-AM22 -> #REF! | F46: =F22-AN22 -> #REF! | G46: =G22-AO22 -> #REF! | H46: =H22-AP22 -> #REF! | I46: =I22-AQ22 -> #REF! | J46: =J22-AR22 -> #REF! | ... P46: =P22-AX22 -> #REF!
A47: PD | B47: LCL Validation | C47: =C23-AK23 -> #REF! | D47: =D23-AL23 -> #REF! | E47: =E23-AM23 -> #REF! | F47: =F23-AN23 -> #REF! | G47: =G23-AO23 -> #REF! | H47: =H23-AP23 -> #REF! | I47: =I23-AQ23 -> #REF! | J47: =J23-AR23 -> #REF! | ... P47: =P23-AX23 -> #REF!
A49: Incidence | B49: CI upper
A50: Total | B50: UCL Validation
A51: Cadaver | B51: UCL Validation | C51: =C3+AK3 -> #REF! | D51: =D3+AL3 -> #REF! | E51: =E3+AM3 -> #REF! | F51: =F3+AN3 -> #REF! | G51: =G3+AO3 -> #REF! | H51: =H3+AP3 -> #REF! | I51: =I3+AQ3 -> #REF! | J51: =J3+AR3 -> #REF! | ... P51: =P3+AX3 -> #REF!
A52: Live | B52: UCL Validation | C52: =C4+AK4 -> #REF! | D52: =D4+AL4 -> #REF! | E52: =E4+AM4 -> #REF! | F52: =F4+AN4 -> #REF! | G52: =G4+AO4 -> #REF! | H52: =H4+AP4 -> #REF! | I52: =I4+AQ4 -> #REF! | J52: =J4+AR4 -> #REF! | ... P52: =P4+AX4 -> #REF!
A53: ICHD | B53: UCL Validation | C53: =C5+AK5 -> #REF! | D53: =D5+AL5 -> #REF! | E53: =E5+AM5 -> #REF! | F53: =F5+AN5 -> #REF! | G53: =G5+AO5 -> #REF! | H53: =H5+AP5 -> #REF! | I53: =I5+AQ5 -> #REF! | J53: =J5+AR5 -> #REF! | ... P53: =P5+AX5 -> #REF!
A54: HHD | B54: UCL Validation | C54: =C6+AK6 -> #REF! | D54: =D6+AL6 -> #REF! | E54: =E6+AM6 -> #REF! | F54: =F6+AN6 -> #REF! | G54: =G6+AO6 -> #REF! | H54: =H6+AP6 -> #REF! | I54: =I6+AQ6 -> #REF! | J54: =J6+AR6 -> #REF! | ... P54: =P6+AX6 -> #REF!
A55: PD | B55: UCL Validation | C55: =C7+AK7 -> #REF! | D55: =D7+AL7 -> #REF! | E55: =E7+AM7 -> #REF! | F55: =F7+AN7 -> #REF! | G55: =G7+AO7 -> #REF! | H55: =H7+AP7 -> #REF! | I55: =I7+AQ7 -> #REF! | J55: =J7+AR7 -> #REF! | ... P55: =P7+AX7 -> #REF!
A57: Prevalence
A58: Total | B58: UCL Validation | C58: =C10+AK10 -> #REF! | D58: =D10+AL10 -> #REF! | E58: =E10+AM10 -> #REF! | F58: =F10+AN10 -> #REF! | G58: =G10+AO10 -> #REF! | H58: =H10+AP10 -> #REF! | I58: =I10+AQ10 -> #REF! | J58: =J10+AR10 -> #REF! | ... P58: =P10+AX10 -> #REF!
A59: Cadaver | B59: UCL Validation | C59: =C11+AK11 -> #REF! | D59: =D11+AL11 -> #REF! | E59: =E11+AM11 -> #REF! | F59: =F11+AN11 -> #REF! | G59: =G11+AO11 -> #REF! | H59: =H11+AP11 -> #REF! | I59: =I11+AQ11 -> #REF! | J59: =J11+AR11 -> #REF! | ... P59: =P11+AX11 -> #REF!
A60: Live | B60: UCL Validation | C60: =C12+AK12 -> #REF! | D60: =D12+AL12 -> #REF! | E60: =E12+AM12 -> #REF! | F60: =F12+AN12 -> #REF! | G60: =G12+AO12 -> #REF! | H60: =H12+AP12 -> #REF! | I60: =I12+AQ12 -> #REF! | J60: =J12+AR12 -> #REF! | ... P60: =P12+AX12 -> #REF!
A61: ICHD | B61: UCL Validation | C61: =C13+AK13 -> #REF! | D61: =D13+AL13 -> #REF! | E61: =E13+AM13 -> #REF! | F61: =F13+AN13 -> #REF! | G61: =G13+AO13 -> #REF! | H61: =H13+AP13 -> #REF! | I61: =I13+AQ13 -> #REF! | J61: =J13+AR13 -> #REF! | ... P61: =P13+AX13 -> #REF!
A62: HHD | B62: UCL Validation | C62: =C14+AK14 -> #REF! | D62: =D14+AL14 -> #REF! | E62: =E14+AM14 -> #REF! | F62: =F14+AN14 -> #REF! | G62: =G14+AO14 -> #REF! | H62: =H14+AP14 -> #REF! | I62: =I14+AQ14 -> #REF! | J62: =J14+AR14 -> #REF! | ... P62: =P14+AX14 -> #REF!
A63: PD | B63: UCL Validation | C63: =C15+AK15 -> #REF! | D63: =D15+AL15 -> #REF! | E63: =E15+AM15 -> #REF! | F63: =F15+AN15 -> #REF! | G63: =G15+AO15 -> #REF! | H63: =H15+AP15 -> #REF! | I63: =I15+AQ15 -> #REF! | J63: =J15+AR15 -> #REF! | ... P63: =P15+AX15 -> #REF!
A65: Mortality
A66: Total | B66: UCL Validation | C66: =C18+AK18 -> #REF! | D66: =D18+AL18 -> #REF! | E66: =E18+AM18 -> #REF! | F66: =F18+AN18 -> #REF! | G66: =G18+AO18 -> #REF! | H66: =H18+AP18 -> #REF! | I66: =I18+AQ18 -> #REF! | J66: =J18+AR18 -> #REF! | ... P66: =P18+AX18 -> #REF!
A67: Cadaver | B67: UCL Validation | C67: =C19+AK19 -> #REF! | D67: =D19+AL19 -> #REF! | E67: =E19+AM19 -> #REF! | F67: =F19+AN19 -> #REF! | G67: =G19+AO19 -> #REF! | H67: =H19+AP19 -> #REF! | I67: =I19+AQ19 -> #REF! | J67: =J19+AR19 -> #REF! | ... P67: =P19+AX19 -> #REF!
A68: Live | B68: UCL Validation | C68: =C20+AK20 -> #REF! | D68: =D20+AL20 -> #REF! | E68: =E20+AM20 -> #REF! | F68: =F20+AN20 -> #REF! | G68: =G20+AO20 -> #REF! | H68: =H20+AP20 -> #REF! | I68: =I20+AQ20 -> #REF! | J68: =J20+AR20 -> #REF! | ... P68: =P20+AX20 -> #REF!
A69: ICHD | B69: UCL Validation | C69: =C21+AK21 -> #REF! | D69: =D21+AL21 -> #REF! | E69: =E21+AM21 -> #REF! | F69: =F21+AN21 -> #REF! | G69: =G21+AO21 -> #REF! | H69: =H21+AP21 -> #REF! | I69: =I21+AQ21 -> #REF! | J69: =J21+AR21 -> #REF! | ... P69: =P21+AX21 -> #REF!
A70: HHD | B70: UCL Validation | C70: =C22+AK22 -> #REF! | D70: =D22+AL22 -> #REF! | E70: =E22+AM22 -> #REF! | F70: =F22+AN22 -> #REF! | G70: =G22+AO22 -> #REF! | H70: =H22+AP22 -> #REF! | I70: =I22+AQ22 -> #REF! | J70: =J22+AR22 -> #REF! | ... P70: =P22+AX22 -> #REF!
A71: PD | B71: UCL Validation | C71: =C23+AK23 -> #REF! | D71: =D23+AL23 -> #REF! | E71: =E23+AM23 -> #REF! | F71: =F23+AN23 -> #REF! | G71: =G23+AO23 -> #REF! | H71: =H23+AP23 -> #REF! | I71: =I23+AQ23 -> #REF! | J71: =J23+AR23 -> #REF! | ... P71: =P23+AX23 -> #REF!

Sheet Summary_Cost
A1: Average | B1: 2023 | C1: 2024 | D1: 2025 | E1: 2026 | F1: 2027 | G1: 2028 | H1: 2029 | I1: 2030 | J1: 2031 | K1: 2032 | L1: 2033 | M1: 2034 | N1: 2035 | P1: Std dev | Q1: 2023 | R1: 2024 | S1: 2025 | T1: 2026 | U1: 2027 | V1: 2028 | W1: 2029 | X1: 2030 | Y1: 2031 | Z1: 2032 | AA1: 2033 | AB1: 2034 | AC1: 2035
A2: Total | B2: =SUM(B3:B6) -> #REF! | C2: =SUM(C3:C6) -> #REF! | D2: =SUM(D3:D6) -> #REF! | E2: =SUM(E3:E6) -> #REF! | F2: =SUM(F3:F6) -> #REF! | G2: =SUM(G3:G6) -> #REF! | H2: =SUM(H3:H6) -> #REF! | I2: =SUM(I3:I6) -> #REF! | ... N2: =SUM(N3:N6) -> #REF! | P2: Total
A3: ICHD | B3: =AVERAGE(OFFSET(ichd_yearly!B:B,1,0,COUNTA(ichd_yearly!B:B)-1))/1000000 -> #REF! | C3: =AVERAGE(OFFSET(ichd_yearly!C:C,1,0,COUNTA(ichd_yearly!C:C)-1))/1000000 -> #REF! | D3: =AVERAGE(OFFSET(ichd_yearly!D:D,1,0,COUNTA(ichd_yearly!D:D)-1))/1000000 -> #REF! | E3: =AVERAGE(OFFSET(ichd_yearly!E:E,1,0,COUNTA(ichd_yearly!E:E)-1))/1000000 -> #REF! | F3: =AVERAGE(OFFSET(ichd_yearly!F:F,1,0,COUNTA(ichd_yearly!F:F)-1))/1000000 -> #REF! | G3: =AVERAGE(OFFSET(ichd_yearly!G:G,1,0,COUNTA(ichd_yearly!G:G)-1))/1000000 -> #REF! | H3: =AVERAGE(OFFSET(ichd_yearly!H:H,1,0,COUNTA(ichd_yearly!H:H)-1))/1000000 -> #REF! | I3: =AVERAGE(OFFSET(ichd_yearly!I:I,1,0,COUNTA(ichd_yearly!I:I)-1))/1000000 -> #REF! | J3: =AVERAGE(OFFSET(ichd_yearly!J:J,1,0,COUNTA(ichd_yearly!J:J)-1))/1000000 -> #REF! | K3: =AVERAGE(OFFSET(ichd_yearly!K:K,1,0,COUNTA(ichd_yearly!K:K)-1))/1000000 -> #REF! | L3: =AVERAGE(OFFSET(ichd_yearly!L:L,1,0,COUNTA(ichd_yearly!L:L)-1))/1000000 -> #REF! | M3: =AVERAGE(OFFSET(ichd_yearly!M:M,1,0,COUNTA(ichd_yearly!M:M)-1))/1000000 -> #REF! | N3: =AVERAGE(OFFSET(ichd_yearly!N:N,1,0,COUNTA(ichd_yearly!N:N)-1))/1000000 -> #REF! | P3: ICHD | Q3: {=_xlfn.STDEV.S(OFFSET(ichd_yearly!B:B,1,0,COUNTA(ichd_yearly!B:B)-1)/1000000)} -> #REF! | R3: {=_xlfn.STDEV.S(OFFSET(ichd_yearly!C:C,1,0,COUNTA(ichd_yearly!C:C)-1)/1000000)} -> #REF! | S3: {=_xlfn.STDEV.S(OFFSET(ichd_yearly!D:D,1,0,COUNTA(ichd_yearly!D:D)-1)/1000000)} -> #REF! | T3: {=_xlfn.STDEV.S(OFFSET(ichd_yearly!E:E,1,0,COUNTA(ichd_yearly!E:E)-1)/1000000)} -> #REF! | U3: {=_xlfn.STDEV.S(OFFSET(ichd_yearly!F:F,1,0,COUNTA(ichd_yearly!F:F)-1)/1000000)} -> #REF! | V3: {=_xlfn.STDEV.S(OFFSET(ichd_yearly!G:G,1,0,COUNTA(ichd_yearly!G:G)-1)/1000000)} -> #REF! | W3: {=_xlfn.STDEV.S(OFFSET(ichd_yearly!H:H,1,0,COUNTA(ichd_yearly!H:H)-1)/1000000)} -> #REF! | X3: {=_xlfn.STDEV.S(OFFSET(ichd_yearly!I:I,1,0,COUNTA(ichd_yearly!I:I)-1)/1000000)} -> #REF! | Y3: {=_xlfn.STDEV.S(OFFSET(ichd_yearly!J:J,1,0,COUNTA(ichd_yearly!J:J)-1)/1000000)} -> #REF! | Z3: {=_xlfn.STDEV.S(OFFSET(ichd_yearly!K:K,1,0,COUNTA(ichd_yearly!K:K)-1)/1000000)} -> #REF! | AA3: {=_xlfn.STDEV.S(OFFSET(ichd_yearly!L:L,1,0,COUNTA(ichd_yearly!L:L)-1)/1000000)} -> #REF! | AB3: {=_xlfn.STDEV.S(OFFSET(ichd_yearly!M:M,1,0,COUNTA(ichd_yearly!M:M)-1)/1000000)} -> #REF! | AC3: {=_xlfn.STDEV.S(OFFSET(ichd_yearly!N:N,1,0,COUNTA(ichd_yearly!N:N)-1)/1000000)} -> #REF! | AE3: =1.96*Q3/SQRT(COUNT(ichd_yearly!B:B)-1) -> #REF! | AF3: =1.96*R3/SQRT(COUNT(ichd_yearly!C:C)-1) -> #REF! | AG3: =1.96*S3/SQRT(COUNT(ichd_yearly!D:D)-1) -> #REF! | AH3: =1.96*T3/SQRT(COUNT(ichd_yearly!E:E)-1) -> #REF! | AI3: =1.96*U3/SQRT(COUNT(ichd_yearly!F:F)-1) -> #REF! | AJ3: =1.96*V3/SQRT(COUNT(ichd_yearly!G:G)-1) -> #REF! | AK3: =1.96*W3/SQRT(COUNT(ichd_yearly!H:H)-1) -> #REF! | AL3: =1.96*X3/SQRT(COUNT(ichd_yearly!I:I)-1) -> #REF! | AM3: =1.96*Y3/SQRT(COUNT(ichd_yearly!J:J)-1) -> #REF! | AN3: =1.96*Z3/SQRT(COUNT(ichd_yearly!K:K)-1) -> #REF! | AO3: =1.96*AA3/SQRT(COUNT(ichd_yearly!L:L)-1) -> #REF! | AP3: =1.96*AB3/SQRT(COUNT(ichd_yearly!M:M)-1) -> #REF! | AQ3: =1.96*AC3/SQRT(COUNT(ichd_yearly!N:N)-1) -> #REF!
A4: HHD | B4: =AVERAGE(OFFSET(hhd_yearly!B:B,1,0,COUNTA(hhd_yearly!B:B)-1))/1000000 -> #REF! | C4: =AVERAGE(OFFSET(hhd_yearly!C:C,1,0,COUNTA(hhd_yearly!C:C)-1))/1000000 -> #REF! | D4: =AVERAGE(OFFSET(hhd_yearly!D:D,1,0,COUNTA(hhd_yearly!D:D)-1))/1000000 -> #REF! | E4: =AVERAGE(OFFSET(hhd_yearly!E:E,1,0,COUNTA(hhd_yearly!E:E)-1))/1000000 -> #REF! | F4: =AVERAGE(OFFSET(hhd_yearly!F:F,1,0,COUNTA(hhd_yearly!F:F)-1))/1000000 -> #REF! | G4: =AVERAGE(OFFSET(hhd_yearly!G:G,1,0,COUNTA(hhd_yearly!G:G)-1))/1000000 -> #REF! | H4: =AVERAGE(OFFSET(hhd_yearly!H:H,1,0,COUNTA(hhd_yearly!H:H)-1))/1000000 -> #REF! | I4: =AVERAGE(OFFSET(hhd_yearly!I:I,1,0,COUNTA(hhd_yearly!I:I)-1))/1000000 -> #REF! | J4: =AVERAGE(OFFSET(hhd_yearly!J:J,1,0,COUNTA(hhd_yearly!J:J)-1))/1000000 -> #REF! | K4: =AVERAGE(OFFSET(hhd_yearly!K:K,1,0,COUNTA(hhd_yearly!K:K)-1))/1000000 -> #REF! | L4: =AVERAGE(OFFSET(hhd_yearly!L:L,1,0,COUNTA(hhd_yearly!L:L)-1))/1000000 -> #REF! | M4: =AVERAGE(OFFSET(hhd_yearly!M:M,1,0,COUNTA(hhd_yearly!M:M)-1))/1000000 -> #REF! | N4: =AVERAGE(OFFSET(hhd_yearly!N:N,1,0,COUNTA(hhd_yearly!N:N)-1))/1000000 -> #REF! | P4: HHD | Q4: {=_xlfn.STDEV.S(OFFSET(hhd_yearly!B:B,1,0,COUNTA(hhd_yearly!B:B)-1)/1000000)} -> #REF! | R4: {=_xlfn.STDEV.S(OFFSET(hhd_yearly!C:C,1,0,COUNTA(hhd_yearly!C:C)-1)/1000000)} -> #REF! | S4: {=_xlfn.STDEV.S(OFFSET(hhd_yearly!D:D,1,0,COUNTA(hhd_yearly!D:D)-1)/1000000)} -> #REF! | T4: {=_xlfn.STDEV.S(OFFSET(hhd_yearly!E:E,1,0,COUNTA(hhd_yearly!E:E)-1)/1000000)} -> #REF! | U4: {=_xlfn.STDEV.S(OFFSET(hhd_yearly!F:F,1,0,COUNTA(hhd_yearly!F:F)-1)/1000000)} -> #REF! | V4: {=_xlfn.STDEV.S(OFFSET(hhd_yearly!G:G,1,0,COUNTA(hhd_yearly!G:G)-1)/1000000)} -> #REF! | W4: {=_xlfn.STDEV.S(OFFSET(hhd_yearly!H:H,1,0,COUNTA(hhd_yearly!H:H)-1)/1000000)} -> #REF! | X4: {=_xlfn.STDEV.S(OFFSET(hhd_yearly!I:I,1,0,COUNTA(hhd_yearly!I:I)-1)/1000000)} -> #REF! | Y4: {=_xlfn.STDEV.S(OFFSET(hhd_yearly!J:J,1,0,COUNTA(hhd_yearly!J:J)-1)/1000000)} -> #REF! | Z4: {=_xlfn.STDEV.S(OFFSET(hhd_yearly!K:K,1,0,COUNTA(hhd_yearly!K:K)-1)/1000000)} -> #REF! | AA4: {=_xlfn.STDEV.S(OFFSET(hhd_yearly!L:L,1,0,COUNTA(hhd_yearly!L:L)-1)/1000000)} -> #REF! | AB4: {=_xlfn.STDEV.S(OFFSET(hhd_yearly!M:M,1,0,COUNTA(hhd_yearly!M:M)-1)/1000000)} -> #REF! | AC4: {=_xlfn.STDEV.S(OFFSET(hhd_yearly!N:N,1,0,COUNTA(hhd_yearly!N:N)-1)/1000000)} -> #REF! | AE4: =1.96*Q4/SQRT(COUNT(ichd_yearly!B:B)-1) -> #REF! | AF4: =1.96*R4/SQRT(COUNT(ichd_yearly!C:C)-1) -> #REF! | AG4: =1.96*S4/SQRT(COUNT(ichd_yearly!D:D)-1) -> #REF! | AH4: =1.96*T4/SQRT(COUNT(ichd_yearly!E:E)-1) -> #REF! | AI4: =1.96*U4/SQRT(COUNT(ichd_yearly!F:F)-1) -> #REF! | AJ4: =1.96*V4/SQRT(COUNT(ichd_yearly!G:G)-1) -> #REF! | AK4: =1.96*W4/SQRT(COUNT(ichd_yearly!H:H)-1) -> #REF! | AL4: =1.96*X4/SQRT(COUNT(ichd_yearly!I:I)-1) -> #REF! | AM4: =1.96*Y4/SQRT(COUNT(ichd_yearly!J:J)-1) -> #REF! | AN4: =1.96*Z4/SQRT(COUNT(ichd_yearly!K:K)-1) -> #REF! | AO4: =1.96*AA4/SQRT(COUNT(ichd_yearly!L:L)-1) -> #REF! | AP4: =1.96*AB4/SQRT(COUNT(ichd_yearly!M:M)-1) -> #REF! | AQ4: =1.96*AC4/SQRT(COUNT(ichd_yearly!N:N)-1) -> #REF!
A5: PD | B5: =AVERAGE(OFFSET(pd_yearly!B:B,1,0,COUNTA(pd_yearly!B:B)-1))/1000000 -> #REF! | C5: =AVERAGE(OFFSET(pd_yearly!C:C,1,0,COUNTA(pd_yearly!C:C)-1))/1000000 -> #REF! | D5: =AVERAGE(OFFSET(pd_yearly!D:D,1,0,COUNTA(pd_yearly!D:D)-1))/1000000 -> #REF! | E5: =AVERAGE(OFFSET(pd_yearly!E:E,1,0,COUNTA(pd_yearly!E:E)-1))/1000000 -> #REF! | F5: =AVERAGE(OFFSET(pd_yearly!F:F,1,0,COUNTA(pd_yearly!F:F)-1))/1000000 -> #REF! | G5: =AVERAGE(OFFSET(pd_yearly!G:G,1,0,COUNTA(pd_yearly!G:G)-1))/1000000 -> #REF! | H5: =AVERAGE(OFFSET(pd_yearly!H:H,1,0,COUNTA(pd_yearly!H:H)-1))/1000000 -> #REF! | I5: =AVERAGE(OFFSET(pd_yearly!I:I,1,0,COUNTA(pd_yearly!I:I)-1))/1000000 -> #REF! | J5: =AVERAGE(OFFSET(pd_yearly!J:J,1,0,COUNTA(pd_yearly!J:J)-1))/1000000 -> #REF! | K5: =AVERAGE(OFFSET(pd_yearly!K:K,1,0,COUNTA(pd_yearly!K:K)-1))/1000000 -> #REF! | L5: =AVERAGE(OFFSET(pd_yearly!L:L,1,0,COUNTA(pd_yearly!L:L)-1))/1000000 -> #REF! | M5: =AVERAGE(OFFSET(pd_yearly!M:M,1,0,COUNTA(pd_yearly!M:M)-1))/1000000 -> #REF! | N5: =AVERAGE(OFFSET(pd_yearly!N:N,1,0,COUNTA(pd_yearly!N:N)-1))/1000000 -> #REF! | P5: PD | Q5: {=_xlfn.STDEV.S(OFFSET(pd_yearly!B:B,1,0,COUNTA(pd_yearly!B:B)-1)/1000000)} -> #REF! | R5: {=_xlfn.STDEV.S(OFFSET(pd_yearly!C:C,1,0,COUNTA(pd_yearly!C:C)-1)/1000000)} -> #REF! | S5: {=_xlfn.STDEV.S(OFFSET(pd_yearly!D:D,1,0,COUNTA(pd_yearly!D:D)-1)/1000000)} -> #REF! | T5: {=_xlfn.STDEV.S(OFFSET(pd_yearly!E:E,1,0,COUNTA(pd_yearly!E:E)-1)/1000000)} -> #REF! | U5: {=_xlfn.STDEV.S(OFFSET(pd_yearly!F:F,1,0,COUNTA(pd_yearly!F:F)-1)/1000000)} -> #REF! | V5: {=_xlfn.STDEV.S(OFFSET(pd_yearly!G:G,1,0,COUNTA(pd_yearly!G:G)-1)/1000000)} -> #REF! | W5: {=_xlfn.STDEV.S(OFFSET(pd_yearly!H:H,1,0,COUNTA(pd_yearly!H:H)-1)/1000000)} -> #REF! | X5: {=_xlfn.STDEV.S(OFFSET(pd_yearly!I:I,1,0,COUNTA(pd_yearly!I:I)-1)/1000000)} -> #REF! | Y5: {=_xlfn.STDEV.S(OFFSET(pd_yearly!J:J,1,0,COUNTA(pd_yearly!J:J)-1)/1000000)} -> #REF! | Z5: {=_xlfn.STDEV.S(OFFSET(pd_yearly!K:K,1,0,COUNTA(pd_yearly!K:K)-1)/1000000)} -> #REF! | AA5: {=_xlfn.STDEV.S(OFFSET(pd_yearly!L:L,1,0,COUNTA(pd_yearly!L:L)-1)/1000000)} -> #REF! | AB5: {=_xlfn.STDEV.S(OFFSET(pd_yearly!M:M,1,0,COUNTA(pd_yearly!M:M)-1)/1000000)} -> #REF! | AC5: {=_xlfn.STDEV.S(OFFSET(pd_yearly!N:N,1,0,COUNTA(pd_yearly!N:N)-1)/1000000)} -> #REF! | AE5: =1.96*Q5/SQRT(COUNT(ichd_yearly!B:B)-1) -> #REF! | AF5: =1.96*R5/SQRT(COUNT(ichd_yearly!C:C)-1) -> #REF! | AG5: =1.96*S5/SQRT(COUNT(ichd_yearly!D:D)-1) -> #REF! | AH5: =1.96*T5/SQRT(COUNT(ichd_yearly!E:E)-1) -> #REF! | AI5: =1.96*U5/SQRT(COUNT(ichd_yearly!F:F)-1) -> #REF! | AJ5: =1.96*V5/SQRT(COUNT(ichd_yearly!G:G)-1) -> #REF! | AK5: =1.96*W5/SQRT(COUNT(ichd_yearly!H:H)-1) -> #REF! | AL5: =1.96*X5/SQRT(COUNT(ichd_yearly!I:I)-1) -> #REF! | AM5: =1.96*Y5/SQRT(COUNT(ichd_yearly!J:J)-1) -> #REF! | AN5: =1.96*Z5/SQRT(COUNT(ichd_yearly!K:K)-1) -> #REF! | AO5: =1.96*AA5/SQRT(COUNT(ichd_yearly!L:L)-1) -> #REF! | AP5: =1.96*AB5/SQRT(COUNT(ichd_yearly!M:M)-1) -> #REF! | AQ5: =1.96*AC5/SQRT(COUNT(ichd_yearly!N:N)-1) -> #REF!
A6: Transplant | B6: =AVERAGE(OFFSET(transplant_yearly!B:B,1,0,COUNTA(transplant_yearly!B:B)-1))/1000000 -> #REF! | C6: =AVERAGE(OFFSET(transplant_yearly!C:C,1,0,COUNTA(transplant_yearly!C:C)-1))/1000000 -> #REF! | D6: =AVERAGE(OFFSET(transplant_yearly!D:D,1,0,COUNTA(transplant_yearly!D:D)-1))/1000000 -> #REF! | E6: =AVERAGE(OFFSET(transplant_yearly!E:E,1,0,COUNTA(transplant_yearly!E:E)-1))/1000000 -> #REF! | F6: =AVERAGE(OFFSET(transplant_yearly!F:F,1,0,COUNTA(transplant_yearly!F:F)-1))/1000000 -> #REF! | G6: =AVERAGE(OFFSET(transplant_yearly!G:G,1,0,COUNTA(transplant_yearly!G:G)-1))/1000000 -> #REF! | H6: =AVERAGE(OFFSET(transplant_yearly!H:H,1,0,COUNTA(transplant_yearly!H:H)-1))/1000000 -> #REF! | I6: =AVERAGE(OFFSET(transplant_yearly!I:I,1,0,COUNTA(transplant_yearly!I:I)-1))/1000000 -> #REF! | J6: =AVERAGE(OFFSET(transplant_yearly!J:J,1,0,COUNTA(transplant_yearly!J:J)-1))/1000000 -> #REF! | K6: =AVERAGE(OFFSET(transplant_yearly!K:K,1,0,COUNTA(transplant_yearly!K:K)-1))/1000000 -> #REF! | L6: =AVERAGE(OFFSET(transplant_yearly!L:L,1,0,COUNTA(transplant_yearly!L:L)-1))/1000000 -> #REF! | M6: =AVERAGE(OFFSET(transplant_yearly!M:M,1,0,COUNTA(transplant_yearly!M:M)-1))/1000000 -> #REF! | N6: =AVERAGE(OFFSET(transplant_yearly!N:N,1,0,COUNTA(transplant_yearly!N:N)-1))/1000000 -> #REF! | P6: Transplant | Q6: {=_xlfn.STDEV.S(OFFSET(transplant_yearly!B:B,1,0,COUNTA(transplant_yearly!B:B)-1)/1000000)} -> #REF! | R6: {=_xlfn.STDEV.S(OFFSET(transplant_yearly!C:C,1,0,COUNTA(transplant_yearly!C:C)-1)/1000000)} -> #REF! | S6: {=_xlfn.STDEV.S(OFFSET(transplant_yearly!D:D,1,0,COUNTA(transplant_yearly!D:D)-1)/1000000)} -> #REF! | T6: {=_xlfn.STDEV.S(OFFSET(transplant_yearly!E:E,1,0,COUNTA(transplant_yearly!E:E)-1)/1000000)} -> #REF! | U6: {=_xlfn.STDEV.S(OFFSET(transplant_yearly!F:F,1,0,COUNTA(transplant_yearly!F:F)-1)/1000000)} -> #REF! | V6: {=_xlfn.STDEV.S(OFFSET(transplant_yearly!G:G,1,0,COUNTA(transplant_yearly!G:G)-1)/1000000)} -> #REF! | W6: {=_xlfn.STDEV.S(OFFSET(transplant_yearly!H:H,1,0,COUNTA(transplant_yearly!H:H)-1)/1000000)} -> #REF! | X6: {=_xlfn.STDEV.S(OFFSET(transplant_yearly!I:I,1,0,COUNTA(transplant_yearly!I:I)-1)/1000000)} -> #REF! | Y6: {=_xlfn.STDEV.S(OFFSET(transplant_yearly!J:J,1,0,COUNTA(transplant_yearly!J:J)-1)/1000000)} -> #REF! | Z6: {=_xlfn.STDEV.S(OFFSET(transplant_yearly!K:K,1,0,COUNTA(transplant_yearly!K:K)-1)/1000000)} -> #REF! | AA6: {=_xlfn.STDEV.S(OFFSET(transplant_yearly!L:L,1,0,COUNTA(transplant_yearly!L:L)-1)/1000000)} -> #REF! | AB6: {=_xlfn.STDEV.S(OFFSET(transplant_yearly!M:M,1,0,COUNTA(transplant_yearly!M:M)-1)/1000000)} -> #REF! | AC6: {=_xlfn.STDEV.S(OFFSET(transplant_yearly!N:N,1,0,COUNTA(transplant_yearly!N:N)-1)/1000000)} -> #REF! | AE6: =1.96*Q6/SQRT(COUNT(ichd_yearly!B:B)-1) -> #REF! | AF6: =1.96*R6/SQRT(COUNT(ichd_yearly!C:C)-1) -> #REF! | AG6: =1.96*S6/SQRT(COUNT(ichd_yearly!D:D)-1) -> #REF! | AH6: =1.96*T6/SQRT(COUNT(ichd_yearly!E:E)-1) -> #REF! | AI6: =1.96*U6/SQRT(COUNT(ichd_yearly!F:F)-1) -> #REF! | AJ6: =1.96*V6/SQRT(COUNT(ichd_yearly!G:G)-1) -> #REF! | AK6: =1.96*W6/SQRT(COUNT(ichd_yearly!H:H)-1) -> #REF! | AL6: =1.96*X6/SQRT(COUNT(ichd_yearly!I:I)-1) -> #REF! | AM6: =1.96*Y6/SQRT(COUNT(ichd_yearly!J:J)-1) -> #REF! | AN6: =1.96*Z6/SQRT(COUNT(ichd_yearly!K:K)-1) -> #REF! | AO6: =1.96*AA6/SQRT(COUNT(ichd_yearly!L:L)-1) -> #REF! | AP6: =1.96*AB6/SQRT(COUNT(ichd_yearly!M:M)-1) -> #REF! | AQ6: =1.96*AC6/SQRT(COUNT(ichd_yearly!N:N)-1) -> #REF!
A8: LCL
A9: Total | B9: =SUM(B10:B13) -> #REF! | C9: =SUM(C10:C13) -> #REF! | D9: =SUM(D10:D13) -> #REF! | E9: =SUM(E10:E13) -> #REF! | F9: =SUM(F10:F13) -> #REF! | G9: =SUM(G10:G13) -> #REF! | H9: =SUM(H10:H13) -> #REF! | I9: =SUM(I10:I13) -> #REF! | ... N9: =SUM(N10:N13) -> #REF!
A10: ICHD | B10: =B3-AE3 -> #REF! | C10: =C3-AF3 -> #REF! | D10: =D3-AG3 -> #REF! | E10: =E3-AH3 -> #REF! | F10: =F3-AI3 -> #REF! | G10: =G3-AJ3 -> #REF! | H10: =H3-AK3 -> #REF! | I10: =I3-AL3 -> #REF! | ... N10: =N3-AQ3 -> #REF!
A11: HHD | B11: =B4-AE4 -> #REF! | C11: =C4-AF4 -> #REF! | D11: =D4-AG4 -> #REF! | E11: =E4-AH4 -> #REF! | F11: =F4-AI4 -> #REF! | G11: =G4-AJ4 -> #REF! | H11: =H4-AK4 -> #REF! | I11: =I4-AL4 -> #REF! | ... N11: =N4-AQ4 -> #REF!
A12: PD | B12: =B5-AE5 -> #REF! | C12: =C5-AF5 -> #REF! | D12: =D5-AG5 -> #REF! | E12: =E5-AH5 -> #REF! | F12: =F5-AI5 -> #REF! | G12: =G5-AJ5 -> #REF! | H12: =H5-AK5 -> #REF! | I12: =I5-AL5 -> #REF! | ... N12: =N5-AQ5 -> #REF!
A13: Transplant | B13: =B6-AE6 -> #REF! | C13: =C6-AF6 -> #REF! | D13: =D6-AG6 -> #REF! | E13: =E6-AH6 -> #REF! | F13: =F6-AI6 -> #REF! | G13: =G6-AJ6 -> #REF! | H13: =H6-AK6 -> #REF! | I13: =I6-AL6 -> #REF! | ... N13: =N6-AQ6 -> #REF!
A15: UCL
A16: Total | B16: =SUM(B17:B20) -> #REF! | C16: =SUM(C17:C20) -> #REF! | D16: =SUM(D17:D20) -> #REF! | E16: =SUM(E17:E20) -> #REF! | F16: =SUM(F17:F20) -> #REF! | G16: =SUM(G17:G20) -> #REF! | H16: =SUM(H17:H20) -> #REF! | I16: =SUM(I17:I20) -> #REF! | ... N16: =SUM(N17:N20) -> #REF!
A17: ICHD | B17: =B3+AE3 -> #REF! | C17: =C3+AF3 -> #REF! | D17: =D3+AG3 -> #REF! | E17: =E3+AH3 -> #REF! | F17: =F3+AI3 -> #REF! | G17: =G3+AJ3 -> #REF! | H17: =H3+AK3 -> #REF! | I17: =I3+AL3 -> #REF! | ... N17: =N3+AQ3 -> #REF!
A18: HHD | B18: =B4+AE4 -> #REF! | C18: =C4+AF4 -> #REF! | D18: =D4+AG4 -> #REF! | E18: =E4+AH4 -> #REF! | F18: =F4+AI4 -> #REF! | G18: =G4+AJ4 -> #REF! | H18: =H4+AK4 -> #REF! | I18: =I4+AL4 -> #REF! | ... N18: =N4+AQ4 -> #REF!
A19: PD | B19: =B5+AE5 -> #REF! | C19: =C5+AF5 -> #REF! | D19: =D5+AG5 -> #REF! | E19: =E5+AH5 -> #REF! | F19: =F5+AI5 -> #REF! | G19: =G5+AJ5 -> #REF! | H19: =H5+AK5 -> #REF! | I19: =I5+AL5 -> #REF! | ... N19: =N5+AQ5 -> #REF!
A20: Transplant | B20: =B6+AE6 -> #REF! | C20: =C6+AF6 -> #REF! | D20: =D6+AG6 -> #REF! | E20: =E6+AH6 -> #REF! | F20: =F6+AI6 -> #REF! | G20: =G6+AJ6 -> #REF! | H20: =H6+AK6 -> #REF! | I20: =I6+AL6 -> #REF! | ... N20: =N6+AQ6 -> #REF!

Sheet incidence_cadaver
A1: model_run | B1: 0 | C1: 1 | D1: 2 | E1: 3 | F1: 4 | G1: 5 | H1: 6 | I1: 7 | J1: 8 | K1: 9 | L1: 10 | M1: 11 | N1: 12 | O1: 13 | P1: 14 | Q1: 15 | R1: 16 | S1: 17 | T1: 18 | U1: 19 | V1: 20 | W1: 21 | X1: 22 | Y1: 23 | Z1: 24 | AA1: 25 | AB1: 26 | AC1: 27
A2: 1
A3: 2
A4: 3
A5: 4
A6: 5
A7: 6
A8: 7
A9: 8
A10: 9
A11: 10

Sheet incidence_conservative_care
A1: model_run | B1: 0 | C1: 1 | D1: 2 | E1: 3 | F1: 4 | G1: 5 | H1: 6 | I1: 7 | J1: 8 | K1: 9 | L1: 10 | M1: 11 | N1: 12 | O1: 13 | P1: 14 | Q1: 15 | R1: 16 | S1: 17 | T1: 18 | U1: 19 | V1: 20 | W1: 21 | X1: 22 | Y1: 23 | Z1: 24 | AA1: 25 | AB1: 26 | AC1: 27
A2: 1 | B2: 0 | C2: 82 | D2: 123 | E2: 87 | F2: 94 | G2: 101 | H2: 101 | I2: 123 | J2: 112 | K2: 115 | L2: 120 | M2: 103 | N2: 105 | O2: 126 | P2: 0 | Q2: 0 | R2: 0 | S2: 0 | T2: 0 | U2: 0 | V2: 0 | W2: 0 | X2: 0 | Y2: 0 | Z2: 0 | AA2: 0 | AB2: 0 | AC2: 0
A3: 2 | B3: 0 | C3: 100 | D3: 98 | E3: 102 | F3: 106 | G3: 115 | H3: 103 | I3: 111 | J3: 100 | K3: 92 | L3: 104 | M3: 111 | N3: 98 | O3: 109 | P3: 0 | Q3: 0 | R3: 0 | S3: 0 | T3: 0 | U3: 0 | V3: 0 | W3: 0 | X3: 0 | Y3: 0 | Z3: 0 | AA3: 0 | AB3: 0 | AC3: 0
A4: 3 | B4: 0 | C4: 90 | D4: 104 | E4: 92 | F4: 86 | G4: 97 | H4: 111 | I4: 95 | J4: 141 | K4: 97 | L4: 102 | M4: 104 | N4: 108 | O4: 91 | P4: 0 | Q4: 0 | R4: 0 | S4: 0 | T4: 0 | U4: 0 | V4: 0 | W4: 0 | X4: 0 | Y4: 0 | Z4: 0 | AA4: 0 | AB4: 0 | AC4: 0
A5: 4 | B5: 0 | C5: 114 | D5: 103 | E5: 112 | F5: 101 | G5: 121 | H5: 101 | I5: 107 | J5: 118 | K5: 106 | L5: 117 | M5: 105 | N5: 107 | O5: 94 | P5: 0 | Q5: 0 | R5: 0 | S5: 0 | T5: 0 | U5: 0 | V5: 0 | W5: 0 | X5: 0 | Y5: 0 | Z5: 0 | AA5: 0 | AB5: 0 | AC5: 0
A6: 5 | B6: 0 | C6: 99 | D6: 98 | E6: 110 | F6: 85 | G6: 131 | H6: 112 | I6: 105 | J6: 121 | K6: 88 | L6: 108 | M6: 101 | N6: 108 | O6: 126 | P6: 0 | Q6: 0 | R6: 0 | S6: 0 | T6: 0 | U6: 0 | V6: 0 | W6: 0 | X6: 0 | Y6: 0 | Z6: 0 | AA6: 0 | AB6: 0 | AC6: 0
A7: 6 | B7: 0 | C7: 89 | D7: 101 | E7: 94 | F7: 84 | G7: 107 | H7: 112 | I7: 111 | J7: 118 | K7: 93 | L7: 87 | M7: 105 | N7: 91 | O7: 143 | P7: 0 | Q7: 0 | R7: 0 | S7: 0 | T7: 0 | U7: 0 | V7: 0 | W7: 0 | X7: 0 | Y7: 0 | Z7: 0 | AA7: 0 | AB7: 0 | AC7: 0
A8: 7 | B8: 0 | C8: 90 | D8: 111 | E8: 105 | F8: 109 | G8: 103 | H8: 128 | I8: 125 | J8: 118 | K8: 112 | L8: 104 | M8: 95 | N8: 114 | O8: 95 | P8: 0 | Q8: 0 | R8: 0 | S8: 0 | T8: 0 | U8: 0 | V8: 0 | W8: 0 | X8: 0 | Y8: 0 | Z8: 0 | AA8: 0 | AB8: 0 | AC8: 0
A9: 8 | B9: 0 | C9: 106 | D9: 108 | E9: 78 | F9: 82 | G9: 87 | H9: 103 | I9: 83 | J9: 102 | K9: 91 | L9: 109 | M9: 84 | N9: 101 | O9: 109 | P9: 0 | Q9: 0 | R9: 0 | S9: 0 | T9: 0 | U9: 0 | V9: 0 | W9: 0 | X9: 0 | Y9: 0 | Z9: 0 | AA9: 0 | AB9: 0 | AC9: 0
A10: 9 | B10: 0 | C10: 84 | D10: 114 | E10: 90 | F10: 97 | G10: 125 | H10: 103 | I10: 105 | J10: 123 | K10: 99 | L10: 105 | M10: 89 | N10: 104 | O10: 107 | P10: 0 | Q10: 0 | R10: 0 | S10: 0 | T10: 0 | U10: 0 | V10: 0 | W10: 0 | X10: 0 | Y10: 0 | Z10: 0 | AA10: 0 | AB10: 0 | AC10: 0
A11: 10 | B11: 0 | C11: 91 | D11: 93 | E11: 89 | F11: 102 | G11: 117 | H11: 110 | I11: 108 | J11: 117 | K11: 121 | L11: 123 | M11: 86 | N11: 105 | O11: 103 | P11: 0 | Q11: 0 | R11: 0 | S11: 0 | T11: 0 | U11: 0 | V11: 0 | W11: 0 | X11: 0 | Y11: 0 | Z11: 0 | AA11: 0 | AB11: 0 | AC11: 0

Sheet incidence_hhd
A1: model_run | B1: 0 | C1: 1 | D1: 2 | E1: 3 | F1: 4 | G1: 5 | H1: 6 | I1: 7 | J1: 8 | K1: 9 | L1: 10 | M1: 11 | N1: 12 | O1: 13 | P1: 14 | Q1: 15 | R1: 16 | S1: 17 | T1: 18 | U1: 19 | V1: 20 | W1: 21 | X1: 22 | Y1: 23 | Z1: 24 | AA1: 25 | AB1: 26 | AC1: 27
A2: 1
A3: 2
A4: 3
A5: 4
A6: 5
A7: 6
A8: 7
A9: 8
A10: 9
A11: 10

Sheet incidence_ichd
A1: model_run | B1: 0 | C1: 1 | D1: 2 | E1: 3 | F1: 4 | G1: 5 | H1: 6 | I1: 7 | J1: 8 | K1: 9 | L1: 10 | M1: 11 | N1: 12 | O1: 13 | P1: 14 | Q1: 15 | R1: 16 | S1: 17 | T1: 18 | U1: 19 | V1: 20 | W1: 21 | X1: 22 | Y1: 23 | Z1: 24 | AA1: 25 | AB1: 26 | AC1: 27
A2: 1
A3: 2
A4: 3
A5: 4
A6: 5
A7: 6
A8: 7
A9: 8
A10: 9
A11: 10

Sheet incidence_live
A1: model_run | B1: 0 | C1: 1 | D1: 2 | E1: 3 | F1: 4 | G1: 5 | H1: 6 | I1: 7 | J1: 8 | K1: 9 | L1: 10 | M1: 11 | N1: 12 | O1: 13 | P1: 14 | Q1: 15 | R1: 16 | S1: 17 | T1: 18 | U1: 19 | V1: 20 | W1: 21 | X1: 22 | Y1: 23 | Z1: 24 | AA1: 25 | AB1: 26 | AC1: 27
A2: 1
A3: 2
A4: 3
A5: 4
A6: 5
A7: 6
A8: 7
A9: 8
A10: 9
A11: 10

Sheet incidence_pd
A1: model_run | B1: 0 | C1: 1 | D1: 2 | E1: 3 | F1: 4 | G1: 5 | H1: 6 | I1: 7 | J1: 8 | K1: 9 | L1: 10 | M1: 11 | N1: 12 | O1: 13 | P1: 14 | Q1: 15 | R1: 16 | S1: 17 | T1: 18 | U1: 19 | V1: 20 | W1: 21 | X1: 22 | Y1: 23 | Z1: 24 | AA1: 25 | AB1: 26 | AC1: 27
A2: 1
A3: 2
A4: 3
A5: 4
A6: 5
A7: 6
A8: 7
A9: 8
A10: 9
A11: 10

Sheet mortality_total
A1: model_run | B1: 0 | C1: 1 | D1: 2 | E1: 3 | F1: 4 | G1: 5 | H1: 6 | I1: 7 | J1: 8 | K1: 9 | L1: 10 | M1: 11 | N1: 12 | O1: 13 | P1: 14 | Q1: 15 | R1: 16 | S1: 17 | T1: 18 | U1: 19 | V1: 20 | W1: 21 | X1: 22 | Y1: 23 | Z1: 24 | AA1: 25 | AB1: 26 | AC1: 27
A2: 1 | B2: =SUM(mortality_cadaver!B2,mortality_hhd!B2,mortality_ichd!B2,mortality_live!B2,mortality_pd!B2) -> 0 | C2: =SUM(mortality_cadaver!C2,mortality_hhd!C2,mortality_ichd!C2,mortality_live!C2,mortality_pd!C2) -> 0 | D2: =SUM(mortality_cadaver!D2,mortality_hhd!D2,mortality_ichd!D2,mortality_live!D2,mortality_pd!D2) -> 0 | E2: =SUM(mortality_cadaver!E2,mortality_hhd!E2,mortality_ichd!E2,mortality_live!E2,mortality_pd!E2) -> 0 | F2: =SUM(mortality_cadaver!F2,mortality_hhd!F2,mortality_ichd!F2,mortality_live!F2,mortality_pd!F2) -> 0 | G2: =SUM(mortality_cadaver!G2,mortality_hhd!G2,mortality_ichd!G2,mortality_live!G2,mortality_pd!G2) -> 0 | H2: =SUM(mortality_cadaver!H2,mortality_hhd!H2,mortality_ichd!H2,mortality_live!H2,mortality_pd!H2) -> 0 | I2: =SUM(mortality_cadaver!I2,mortality_hhd!I2,mortality_ichd!I2,mortality_live!I2,mortality_pd!I2) -> 0 | ... AC2: =SUM(mortality_cadaver!AC2,mortality_hhd!AC2,mortality_ichd!AC2,mortality_live!AC2,mortality_pd!AC2) -> 0
A3: 2 | B3: =SUM(mortality_cadaver!B3,mortality_hhd!B3,mortality_ichd!B3,mortality_live!B3,mortality_pd!B3) -> 0 | C3: =SUM(mortality_cadaver!C3,mortality_hhd!C3,mortality_ichd!C3,mortality_live!C3,mortality_pd!C3) -> 0 | D3: =SUM(mortality_cadaver!D3,mortality_hhd!D3,mortality_ichd!D3,mortality_live!D3,mortality_pd!D3) -> 0 | E3: =SUM(mortality_cadaver!E3,mortality_hhd!E3,mortality_ichd!E3,mortality_live!E3,mortality_pd!E3) -> 0 | F3: =SUM(mortality_cadaver!F3,mortality_hhd!F3,mortality_ichd!F3,mortality_live!F3,mortality_pd!F3) -> 0 | G3: =SUM(mortality_cadaver!G3,mortality_hhd!G3,mortality_ichd!G3,mortality_live!G3,mortality_pd!G3) -> 0 | H3: =SUM(mortality_cadaver!H3,mortality_hhd!H3,mortality_ichd!H3,mortality_live!H3,mortality_pd!H3) -> 0 | I3: =SUM(mortality_cadaver!I3,mortality_hhd!I3,mortality_ichd!I3,mortality_live!I3,mortality_pd!I3) -> 0 | ... AC3: =SUM(mortality_cadaver!AC3,mortality_hhd!AC3,mortality_ichd!AC3,mortality_live!AC3,mortality_pd!AC3) -> 0
A4: 3 | B4: =SUM(mortality_cadaver!B4,mortality_hhd!B4,mortality_ichd!B4,mortality_live!B4,mortality_pd!B4) -> 0 | C4: =SUM(mortality_cadaver!C4,mortality_hhd!C4,mortality_ichd!C4,mortality_live!C4,mortality_pd!C4) -> 0 | D4: =SUM(mortality_cadaver!D4,mortality_hhd!D4,mortality_ichd!D4,mortality_live!D4,mortality_pd!D4) -> 0 | E4: =SUM(mortality_cadaver!E4,mortality_hhd!E4,mortality_ichd!E4,mortality_live!E4,mortality_pd!E4) -> 0 | F4: =SUM(mortality_cadaver!F4,mortality_hhd!F4,mortality_ichd!F4,mortality_live!F4,mortality_pd!F4) -> 0 | G4: =SUM(mortality_cadaver!G4,mortality_hhd!G4,mortality_ichd!G4,mortality_live!G4,mortality_pd!G4) -> 0 | H4: =SUM(mortality_cadaver!H4,mortality_hhd!H4,mortality_ichd!H4,mortality_live!H4,mortality_pd!H4) -> 0 | I4: =SUM(mortality_cadaver!I4,mortality_hhd!I4,mortality_ichd!I4,mortality_live!I4,mortality_pd!I4) -> 0 | ... AC4: =SUM(mortality_cadaver!AC4,mortality_hhd!AC4,mortality_ichd!AC4,mortality_live!AC4,mortality_pd!AC4) -> 0
A5: 4 | B5: =SUM(mortality_cadaver!B5,mortality_hhd!B5,mortality_ichd!B5,mortality_live!B5,mortality_pd!B5) -> 0 | C5: =SUM(mortality_cadaver!C5,mortality_hhd!C5,mortality_ichd!C5,mortality_live!C5,mortality_pd!C5) -> 0 | D5: =SUM(mortality_cadaver!D5,mortality_hhd!D5,mortality_ichd!D5,mortality_live!D5,mortality_pd!D5) -> 0 | E5: =SUM(mortality_cadaver!E5,mortality_hhd!E5,mortality_ichd!E5,mortality_live!E5,mortality_pd!E5) -> 0 | F5: =SUM(mortality_cadaver!F5,mortality_hhd!F5,mortality_ichd!F5,mortality_live!F5,mortality_pd!F5) -> 0 | G5: =SUM(mortality_cadaver!G5,mortality_hhd!G5,mortality_ichd!G5,mortality_live!G5,mortality_pd!G5) -> 0 | H5: =SUM(mortality_cadaver!H5,mortality_hhd!H5,mortality_ichd!H5,mortality_live!H5,mortality_pd!H5) -> 0 | I5: =SUM(mortality_cadaver!I5,mortality_hhd!I5,mortality_ichd!I5,mortality_live!I5,mortality_pd!I5) -> 0 | ... AC5: =SUM(mortality_cadaver!AC5,mortality_hhd!AC5,mortality_ichd!AC5,mortality_live!AC5,mortality_pd!AC5) -> 0
A6: 5 | B6: =SUM(mortality_cadaver!B6,mortality_hhd!B6,mortality_ichd!B6,mortality_live!B6,mortality_pd!B6) -> 0 | C6: =SUM(mortality_cadaver!C6,mortality_hhd!C6,mortality_ichd!C6,mortality_live!C6,mortality_pd!C6) -> 0 | D6: =SUM(mortality_cadaver!D6,mortality_hhd!D6,mortality_ichd!D6,mortality_live!D6,mortality_pd!D6) -> 0 | E6: =SUM(mortality_cadaver!E6,mortality_hhd!E6,mortality_ichd!E6,mortality_live!E6,mortality_pd!E6) -> 0 | F6: =SUM(mortality_cadaver!F6,mortality_hhd!F6,mortality_ichd!F6,mortality_live!F6,mortality_pd!F6) -> 0 | G6: =SUM(mortality_cadaver!G6,mortality_hhd!G6,mortality_ichd!G6,mortality_live!G6,mortality_pd!G6) -> 0 | H6: =SUM(mortality_cadaver!H6,mortality_hhd!H6,mortality_ichd!H6,mortality_live!H6,mortality_pd!H6) -> 0 | I6: =SUM(mortality_cadaver!I6,mortality_hhd!I6,mortality_ichd!I6,mortality_live!I6,mortality_pd!I6) -> 0 | ... AC6: =SUM(mortality_cadaver!AC6,mortality_hhd!AC6,mortality_ichd!AC6,mortality_live!AC6,mortality_pd!AC6) -> 0
A7: 6 | B7: =SUM(mortality_cadaver!B7,mortality_hhd!B7,mortality_ichd!B7,mortality_live!B7,mortality_pd!B7) -> 0 | C7: =SUM(mortality_cadaver!C7,mortality_hhd!C7,mortality_ichd!C7,mortality_live!C7,mortality_pd!C7) -> 0 | D7: =SUM(mortality_cadaver!D7,mortality_hhd!D7,mortality_ichd!D7,mortality_live!D7,mortality_pd!D7) -> 0 | E7: =SUM(mortality_cadaver!E7,mortality_hhd!E7,mortality_ichd!E7,mortality_live!E7,mortality_pd!E7) -> 0 | F7: =SUM(mortality_cadaver!F7,mortality_hhd!F7,mortality_ichd!F7,mortality_live!F7,mortality_pd!F7) -> 0 | G7: =SUM(mortality_cadaver!G7,mortality_hhd!G7,mortality_ichd!G7,mortality_live!G7,mortality_pd!G7) -> 0 | H7: =SUM(mortality_cadaver!H7,mortality_hhd!H7,mortality_ichd!H7,mortality_live!H7,mortality_pd!H7) -> 0 | I7: =SUM(mortality_cadaver!I7,mortality_hhd!I7,mortality_ichd!I7,mortality_live!I7,mortality_pd!I7) -> 0 | ... AC7: =SUM(mortality_cadaver!AC7,mortality_hhd!AC7,mortality_ichd!AC7,mortality_live!AC7,mortality_pd!AC7) -> 0
A8: 7 | B8: =SUM(mortality_cadaver!B8,mortality_hhd!B8,mortality_ichd!B8,mortality_live!B8,mortality_pd!B8) -> 0 | C8: =SUM(mortality_cadaver!C8,mortality_hhd!C8,mortality_ichd!C8,mortality_live!C8,mortality_pd!C8) -> 0 | D8: =SUM(mortality_cadaver!D8,mortality_hhd!D8,mortality_ichd!D8,mortality_live!D8,mortality_pd!D8) -> 0 | E8: =SUM(mortality_cadaver!E8,mortality_hhd!E8,mortality_ichd!E8,mortality_live!E8,mortality_pd!E8) -> 0 | F8: =SUM(mortality_cadaver!F8,mortality_hhd!F8,mortality_ichd!F8,mortality_live!F8,mortality_pd!F8) -> 0 | G8: =SUM(mortality_cadaver!G8,mortality_hhd!G8,mortality_ichd!G8,mortality_live!G8,mortality_pd!G8) -> 0 | H8: =SUM(mortality_cadaver!H8,mortality_hhd!H8,mortality_ichd!H8,mortality_live!H8,mortality_pd!H8) -> 0 | I8: =SUM(mortality_cadaver!I8,mortality_hhd!I8,mortality_ichd!I8,mortality_live!I8,mortality_pd!I8) -> 0 | ... AC8: =SUM(mortality_cadaver!AC8,mortality_hhd!AC8,mortality_ichd!AC8,mortality_live!AC8,mortality_pd!AC8) -> 0
A9: 8 | B9: =SUM(mortality_cadaver!B9,mortality_hhd!B9,mortality_ichd!B9,mortality_live!B9,mortality_pd!B9) -> 0 | C9: =SUM(mortality_cadaver!C9,mortality_hhd!C9,mortality_ichd!C9,mortality_live!C9,mortality_pd!C9) -> 0 | D9: =SUM(mortality_cadaver!D9,mortality_hhd!D9,mortality_ichd!D9,mortality_live!D9,mortality_pd!D9) -> 0 | E9: =SUM(mortality_cadaver!E9,mortality_hhd!E9,mortality_ichd!E9,mortality_live!E9,mortality_pd!E9) -> 0 | F9: =SUM(mortality_cadaver!F9,mortality_hhd!F9,mortality_ichd!F9,mortality_live!F9,mortality_pd!F9) -> 0 | G9: =SUM(mortality_cadaver!G9,mortality_hhd!G9,mortality_ichd!G9,mortality_live!G9,mortality_pd!G9) -> 0 | H9: =SUM(mortality_cadaver!H9,mortality_hhd!H9,mortality_ichd!H9,mortality_live!H9,mortality_pd!H9) -> 0 | I9: =SUM(mortality_cadaver!I9,mortality_hhd!I9,mortality_ichd!I9,mortality_live!I9,mortality_pd!I9) -> 0 | ... AC9: =SUM(mortality_cadaver!AC9,mortality_hhd!AC9,mortality_ichd!AC9,mortality_live!AC9,mortality_pd!AC9) -> 0
A10: 9 | B10: =SUM(mortality_cadaver!B10,mortality_hhd!B10,mortality_ichd!B10,mortality_live!B10,mortality_pd!B10) -> 0 | C10: =SUM(mortality_cadaver!C10,mortality_hhd!C10,mortality_ichd!C10,mortality_live!C10,mortality_pd!C10) -> 0 | D10: =SUM(mortality_cadaver!D10,mortality_hhd!D10,mortality_ichd!D10,mortality_live!D10,mortality_pd!D10) -> 0 | E10: =SUM(mortality_cadaver!E10,mortality_hhd!E10,mortality_ichd!E10,mortality_live!E10,mortality_pd!E10) -> 0 | F10: =SUM(mortality_cadaver!F10,mortality_hhd!F10,mortality_ichd!F10,mortality_live!F10,mortality_pd!F10) -> 0 | G10: =SUM(mortality_cadaver!G10,mortality_hhd!G10,mortality_ichd!G10,mortality_live!G10,mortality_pd!G10) -> 0 | H10: =SUM(mortality_cadaver!H10,mortality_hhd!H10,mortality_ichd!H10,mortality_live!H10,mortality_pd!H10) -> 0 | I10: =SUM(mortality_cadaver!I10,mortality_hhd!I10,mortality_ichd!I10,mortality_live!I10,mortality_pd!I10) -> 0 | ... AC10: =SUM(mortality_cadaver!AC10,mortality_hhd!AC10,mortality_ichd!AC10,mortality_live!AC10,mortality_pd!AC10) -> 0
A11: 10 | B11: =SUM(mortality_cadaver!B11,mortality_hhd!B11,mortality_ichd!B11,mortality_live!B11,mortality_pd!B11) -> 0 | C11: =SUM(mortality_cadaver!C11,mortality_hhd!C11,mortality_ichd!C11,mortality_live!C11,mortality_pd!C11) -> 0 | D11: =SUM(mortality_cadaver!D11,mortality_hhd!D11,mortality_ichd!D11,mortality_live!D11,mortality_pd!D11) -> 0 | E11: =SUM(mortality_cadaver!E11,mortality_hhd!E11,mortality_ichd!E11,mortality_live!E11,mortality_pd!E11) -> 0 | F11: =SUM(mortality_cadaver!F11,mortality_hhd!F11,mortality_ichd!F11,mortality_live!F11,mortality_pd!F11) -> 0 | G11: =SUM(mortality_cadaver!G11,mortality_hhd!G11,mortality_ichd!G11,mortality_live!G11,mortality_pd!G11) -> 0 | H11: =SUM(mortality_cadaver!H11,mortality_hhd!H11,mortality_ichd!H11,mortality_live!H11,mortality_pd!H11) -> 0 | I11: =SUM(mortality_cadaver!I11,mortality_hhd!I11,mortality_ichd!I11,mortality_live!I11,mortality_pd!I11) -> 0 | ... AC11: =SUM(mortality_cadaver!AC11,mortality_hhd!AC11,mortality_ichd!AC11,mortality_live!AC11,mortality_pd!AC11) -> 0

Sheet mortality_cadaver
A1: model_run | B1: 0 | C1: 1 | D1: 2 | E1: 3 | F1: 4 | G1: 5 | H1: 6 | I1: 7 | J1: 8 | K1: 9 | L1: 10 | M1: 11 | N1: 12 | O1: 13 | P1: 14 | Q1: 15 | R1: 16 | S1: 17 | T1: 18 | U1: 19 | V1: 20 | W1: 21 | X1: 22 | Y1: 23 | Z1: 24 | AA1: 25 | AB1: 26 | AC1: 27
A2: 1
A3: 2
A4: 3
A5: 4
A6: 5
A7: 6
A8: 7
A9: 8
A10: 9
A11: 10

Sheet mortality_conservative_care
A1: model_run | B1: 0 | C1: 1 | D1: 2 | E1: 3 | F1: 4 | G1: 5 | H1: 6 | I1: 7 | J1: 8 | K1: 9 | L1: 10 | M1: 11 | N1: 12 | O1: 13 | P1: 14 | Q1: 15 | R1: 16 | S1: 17 | T1: 18 | U1: 19 | V1: 20 | W1: 21 | X1: 22 | Y1: 23 | Z1: 24 | AA1: 25 | AB1: 26 | AC1: 27
A2: 1
A3: 2
A4: 3
A5: 4
A6: 5
A7: 6
A8: 7
A9: 8
A10: 9
A11: 10

Sheet mortality_hhd
A1: model_run | B1: 0 | C1: 1 | D1: 2 | E1: 3 | F1: 4 | G1: 5 | H1: 6 | I1: 7 | J1: 8 | K1: 9 | L1: 10 | M1: 11 | N1: 12 | O1: 13 | P1: 14 | Q1: 15 | R1: 16 | S1: 17 | T1: 18 | U1: 19 | V1: 20 | W1: 21 | X1: 22 | Y1: 23 | Z1: 24 | AA1: 25 | AB1: 26 | AC1: 27
A2: 1
A3: 2
A4: 3
A5: 4
A6: 5
A7: 6
A8: 7
A9: 8
A10: 9
A11: 10

Sheet mortality_ichd
A1: model_run | B1: 0 | C1: 1 | D1: 2 | E1: 3 | F1: 4 | G1: 5 | H1: 6 | I1: 7 | J1: 8 | K1: 9 | L1: 10 | M1: 11 | N1: 12 | O1: 13 | P1: 14 | Q1: 15 | R1: 16 | S1: 17 | T1: 18 | U1: 19 | V1: 20 | W1: 21 | X1: 22 | Y1: 23 | Z1: 24 | AA1: 25 | AB1: 26 | AC1: 27
A2: 1
A3: 2
A4: 3
A5: 4
A6: 5
A7: 6
A8: 7
A9: 8
A10: 9
A11: 10

Sheet mortality_live
A1: model_run | B1: 0 | C1: 1 | D1: 2 | E1: 3 | F1: 4 | G1: 5 | H1: 6 | I1: 7 | J1: 8 | K1: 9 | L1: 10 | M1: 11 | N1: 12 | O1: 13 | P1: 14 | Q1: 15 | R1: 16 | S1: 17 | T1: 18 | U1: 19 | V1: 20 | W1: 21 | X1: 22 | Y1: 23 | Z1: 24 | AA1: 25 | AB1: 26 | AC1: 27
A2: 1
A3: 2
A4: 3
A5: 4
A6: 5
A7: 6
A8: 7
A9: 8
A10: 9
A11: 10

Sheet mortality_pd
A1: model_run | B1: 0 | C1: 1 | D1: 2 | E1: 3 | F1: 4 | G1: 5 | H1: 6 | I1: 7 | J1: 8 | K1: 9 | L1: 10 | M1: 11 | N1: 12 | O1: 13 | P1: 14 | Q1: 15 | R1: 16 | S1: 17 | T1: 18 | U1: 19 | V1: 20 | W1: 21 | X1: 22 | Y1: 23 | Z1: 24 | AA1: 25 | AB1: 26 | AC1: 27
A2: 1
A3: 2
A4: 3
A5: 4
A6: 5
A7: 6
A8: 7
A9: 8
A10: 9
A11: 10

Sheet prevalence_total
A1: model_run | B1: 0 | C1: 1 | D1: 2 | E1: 3 | F1: 4 | G1: 5 | H1: 6 | I1: 7 | J1: 8 | K1: 9 | L1: 10 | M1: 11 | N1: 12 | O1: 13 | P1: 14 | Q1: 15 | R1: 16 | S1: 17 | T1: 18 | U1: 19 | V1: 20 | W1: 21 | X1: 22 | Y1: 23 | Z1: 24 | AA1: 25 | AB1: 26 | AC1: 27
A2: 1 | B2: =SUM(prevalence_cadaver!B2,prevalence_hhd!B2,prevalence_ichd!B2,prevalence_live!B2,prevalence_pd!B2) -> 0 | C2: =SUM(prevalence_cadaver!C2,prevalence_hhd!C2,prevalence_ichd!C2,prevalence_live!C2,prevalence_pd!C2) -> 0 | D2: =SUM(prevalence_cadaver!D2,prevalence_hhd!D2,prevalence_ichd!D2,prevalence_live!D2,prevalence_pd!D2) -> 0 | E2: =SUM(prevalence_cadaver!E2,prevalence_hhd!E2,prevalence_ichd!E2,prevalence_live!E2,prevalence_pd!E2) -> 0 | F2: =SUM(prevalence_cadaver!F2,prevalence_hhd!F2,prevalence_ichd!F2,prevalence_live!F2,prevalence_pd!F2) -> 0 | G2: =SUM(prevalence_cadaver!G2,prevalence_hhd!G2,prevalence_ichd!G2,prevalence_live!G2,prevalence_pd!G2) -> 0 | H2: =SUM(prevalence_cadaver!H2,prevalence_hhd!H2,prevalence_ichd!H2,prevalence_live!H2,prevalence_pd!H2) -> 0 | I2: =SUM(prevalence_cadaver!I2,prevalence_hhd!I2,prevalence_ichd!I2,prevalence_live!I2,prevalence_pd!I2) -> 0 | ... AC2: =SUM(prevalence_cadaver!AC2,prevalence_hhd!AC2,prevalence_ichd!AC2,prevalence_live!AC2,prevalence_pd!AC2) -> 0
A3: 2 | B3: =SUM(prevalence_cadaver!B3,prevalence_hhd!B3,prevalence_ichd!B3,prevalence_live!B3,prevalence_pd!B3) -> 0 | C3: =SUM(prevalence_cadaver!C3,prevalence_hhd!C3,prevalence_ichd!C3,prevalence_live!C3,prevalence_pd!C3) -> 0 | D3: =SUM(prevalence_cadaver!D3,prevalence_hhd!D3,prevalence_ichd!D3,prevalence_live!D3,prevalence_pd!D3) -> 0 | E3: =SUM(prevalence_cadaver!E3,prevalence_hhd!E3,prevalence_ichd!E3,prevalence_live!E3,prevalence_pd!E3) -> 0 | F3: =SUM(prevalence_cadaver!F3,prevalence_hhd!F3,prevalence_ichd!F3,prevalence_live!F3,prevalence_pd!F3) -> 0 | G3: =SUM(prevalence_cadaver!G3,prevalence_hhd!G3,prevalence_ichd!G3,prevalence_live!G3,prevalence_pd!G3) -> 0 | H3: =SUM(prevalence_cadaver!H3,prevalence_hhd!H3,prevalence_ichd!H3,prevalence_live!H3,prevalence_pd!H3) -> 0 | I3: =SUM(prevalence_cadaver!I3,prevalence_hhd!I3,prevalence_ichd!I3,prevalence_live!I3,prevalence_pd!I3) -> 0 | ... AC3: =SUM(prevalence_cadaver!AC3,prevalence_hhd!AC3,prevalence_ichd!AC3,prevalence_live!AC3,prevalence_pd!AC3) -> 0
A4: 3 | B4: =SUM(prevalence_cadaver!B4,prevalence_hhd!B4,prevalence_ichd!B4,prevalence_live!B4,prevalence_pd!B4) -> 0 | C4: =SUM(prevalence_cadaver!C4,prevalence_hhd!C4,prevalence_ichd!C4,prevalence_live!C4,prevalence_pd!C4) -> 0 | D4: =SUM(prevalence_cadaver!D4,prevalence_hhd!D4,prevalence_ichd!D4,prevalence_live!D4,prevalence_pd!D4) -> 0 | E4: =SUM(prevalence_cadaver!E4,prevalence_hhd!E4,prevalence_ichd!E4,prevalence_live!E4,prevalence_pd!E4) -> 0 | F4: =SUM(prevalence_cadaver!F4,prevalence_hhd!F4,prevalence_ichd!F4,prevalence_live!F4,prevalence_pd!F4) -> 0 | G4: =SUM(prevalence_cadaver!G4,prevalence_hhd!G4,prevalence_ichd!G4,prevalence_live!G4,prevalence_pd!G4) -> 0 | H4: =SUM(prevalence_cadaver!H4,prevalence_hhd!H4,prevalence_ichd!H4,prevalence_live!H4,prevalence_pd!H4) -> 0 | I4: =SUM(prevalence_cadaver!I4,prevalence_hhd!I4,prevalence_ichd!I4,prevalence_live!I4,prevalence_pd!I4) -> 0 | ... AC4: =SUM(prevalence_cadaver!AC4,prevalence_hhd!AC4,prevalence_ichd!AC4,prevalence_live!AC4,prevalence_pd!AC4) -> 0
A5: 4 | B5: =SUM(prevalence_cadaver!B5,prevalence_hhd!B5,prevalence_ichd!B5,prevalence_live!B5,prevalence_pd!B5) -> 0 | C5: =SUM(prevalence_cadaver!C5,prevalence_hhd!C5,prevalence_ichd!C5,prevalence_live!C5,prevalence_pd!C5) -> 0 | D5: =SUM(prevalence_cadaver!D5,prevalence_hhd!D5,prevalence_ichd!D5,prevalence_live!D5,prevalence_pd!D5) -> 0 | E5: =SUM(prevalence_cadaver!E5,prevalence_hhd!E5,prevalence_ichd!E5,prevalence_live!E5,prevalence_pd!E5) -> 0 | F5: =SUM(prevalence_cadaver!F5,prevalence_hhd!F5,prevalence_ichd!F5,prevalence_live!F5,prevalence_pd!F5) -> 0 | G5: =SUM(prevalence_cadaver!G5,prevalence_hhd!G5,prevalence_ichd!G5,prevalence_live!G5,prevalence_pd!G5) -> 0 | H5: =SUM(prevalence_cadaver!H5,prevalence_hhd!H5,prevalence_ichd!H5,prevalence_live!H5,prevalence_pd!H5) -> 0 | I5: =SUM(prevalence_cadaver!I5,prevalence_hhd!I5,prevalence_ichd!I5,prevalence_live!I5,prevalence_pd!I5) -> 0 | ... AC5: =SUM(prevalence_cadaver!AC5,prevalence_hhd!AC5,prevalence_ichd!AC5,prevalence_live!AC5,prevalence_pd!AC5) -> 0
A6: 5 | B6: =SUM(prevalence_cadaver!B6,prevalence_hhd!B6,prevalence_ichd!B6,prevalence_live!B6,prevalence_pd!B6) -> 0 | C6: =SUM(prevalence_cadaver!C6,prevalence_hhd!C6,prevalence_ichd!C6,prevalence_live!C6,prevalence_pd!C6) -> 0 | D6: =SUM(prevalence_cadaver!D6,prevalence_hhd!D6,prevalence_ichd!D6,prevalence_live!D6,prevalence_pd!D6) -> 0 | E6: =SUM(prevalence_cadaver!E6,prevalence_hhd!E6,prevalence_ichd!E6,prevalence_live!E6,prevalence_pd!E6) -> 0 | F6: =SUM(prevalence_cadaver!F6,prevalence_hhd!F6,prevalence_ichd!F6,prevalence_live!F6,prevalence_pd!F6) -> 0 | G6: =SUM(prevalence_cadaver!G6,prevalence_hhd!G6,prevalence_ichd!G6,prevalence_live!G6,prevalence_pd!G6) -> 0 | H6: =SUM(prevalence_cadaver!H6,prevalence_hhd!H6,prevalence_ichd!H6,prevalence_live!H6,prevalence_pd!H6) -> 0 | I6: =SUM(prevalence_cadaver!I6,prevalence_hhd!I6,prevalence_ichd!I6,prevalence_live!I6,prevalence_pd!I6) -> 0 | ... AC6: =SUM(prevalence_cadaver!AC6,prevalence_hhd!AC6,prevalence_ichd!AC6,prevalence_live!AC6,prevalence_pd!AC6) -> 0
A7: 6 | B7: =SUM(prevalence_cadaver!B7,prevalence_hhd!B7,prevalence_ichd!B7,prevalence_live!B7,prevalence_pd!B7) -> 0 | C7: =SUM(prevalence_cadaver!C7,prevalence_hhd!C7,prevalence_ichd!C7,prevalence_live!C7,prevalence_pd!C7) -> 0 | D7: =SUM(prevalence_cadaver!D7,prevalence_hhd!D7,prevalence_ichd!D7,prevalence_live!D7,prevalence_pd!D7) -> 0 | E7: =SUM(prevalence_cadaver!E7,prevalence_hhd!E7,prevalence_ichd!E7,prevalence_live!E7,prevalence_pd!E7) -> 0 | F7: =SUM(prevalence_cadaver!F7,prevalence_hhd!F7,prevalence_ichd!F7,prevalence_live!F7,prevalence_pd!F7) -> 0 | G7: =SUM(prevalence_cadaver!G7,prevalence_hhd!G7,prevalence_ichd!G7,prevalence_live!G7,prevalence_pd!G7) -> 0 | H7: =SUM(prevalence_cadaver!H7,prevalence_hhd!H7,prevalence_ichd!H7,prevalence_live!H7,prevalence_pd!H7) -> 0 | I7: =SUM(prevalence_cadaver!I7,prevalence_hhd!I7,prevalence_ichd!I7,prevalence_live!I7,prevalence_pd!I7) -> 0 | ... AC7: =SUM(prevalence_cadaver!AC7,prevalence_hhd!AC7,prevalence_ichd!AC7,prevalence_live!AC7,prevalence_pd!AC7) -> 0
A8: 7 | B8: =SUM(prevalence_cadaver!B8,prevalence_hhd!B8,prevalence_ichd!B8,prevalence_live!B8,prevalence_pd!B8) -> 0 | C8: =SUM(prevalence_cadaver!C8,prevalence_hhd!C8,prevalence_ichd!C8,prevalence_live!C8,prevalence_pd!C8) -> 0 | D8: =SUM(prevalence_cadaver!D8,prevalence_hhd!D8,prevalence_ichd!D8,prevalence_live!D8,prevalence_pd!D8) -> 0 | E8: =SUM(prevalence_cadaver!E8,prevalence_hhd!E8,prevalence_ichd!E8,prevalence_live!E8,prevalence_pd!E8) -> 0 | F8: =SUM(prevalence_cadaver!F8,prevalence_hhd!F8,prevalence_ichd!F8,prevalence_live!F8,prevalence_pd!F8) -> 0 | G8: =SUM(prevalence_cadaver!G8,prevalence_hhd!G8,prevalence_ichd!G8,prevalence_live!G8,prevalence_pd!G8) -> 0 | H8: =SUM(prevalence_cadaver!H8,prevalence_hhd!H8,prevalence_ichd!H8,prevalence_live!H8,prevalence_pd!H8) -> 0 | I8: =SUM(prevalence_cadaver!I8,prevalence_hhd!I8,prevalence_ichd!I8,prevalence_live!I8,prevalence_pd!I8) -> 0 | ... AC8: =SUM(prevalence_cadaver!AC8,prevalence_hhd!AC8,prevalence_ichd!AC8,prevalence_live!AC8,prevalence_pd!AC8) -> 0
A9: 8 | B9: =SUM(prevalence_cadaver!B9,prevalence_hhd!B9,prevalence_ichd!B9,prevalence_live!B9,prevalence_pd!B9) -> 0 | C9: =SUM(prevalence_cadaver!C9,prevalence_hhd!C9,prevalence_ichd!C9,prevalence_live!C9,prevalence_pd!C9) -> 0 | D9: =SUM(prevalence_cadaver!D9,prevalence_hhd!D9,prevalence_ichd!D9,prevalence_live!D9,prevalence_pd!D9) -> 0 | E9: =SUM(prevalence_cadaver!E9,prevalence_hhd!E9,prevalence_ichd!E9,prevalence_live!E9,prevalence_pd!E9) -> 0 | F9: =SUM(prevalence_cadaver!F9,prevalence_hhd!F9,prevalence_ichd!F9,prevalence_live!F9,prevalence_pd!F9) -> 0 | G9: =SUM(prevalence_cadaver!G9,prevalence_hhd!G9,prevalence_ichd!G9,prevalence_live!G9,prevalence_pd!G9) -> 0 | H9: =SUM(prevalence_cadaver!H9,prevalence_hhd!H9,prevalence_ichd!H9,prevalence_live!H9,prevalence_pd!H9) -> 0 | I9: =SUM(prevalence_cadaver!I9,prevalence_hhd!I9,prevalence_ichd!I9,prevalence_live!I9,prevalence_pd!I9) -> 0 | ... AC9: =SUM(prevalence_cadaver!AC9,prevalence_hhd!AC9,prevalence_ichd!AC9,prevalence_live!AC9,prevalence_pd!AC9) -> 0
A10: 9 | B10: =SUM(prevalence_cadaver!B10,prevalence_hhd!B10,prevalence_ichd!B10,prevalence_live!B10,prevalence_pd!B10) -> 0 | C10: =SUM(prevalence_cadaver!C10,prevalence_hhd!C10,prevalence_ichd!C10,prevalence_live!C10,prevalence_pd!C10) -> 0 | D10: =SUM(prevalence_cadaver!D10,prevalence_hhd!D10,prevalence_ichd!D10,prevalence_live!D10,prevalence_pd!D10) -> 0 | E10: =SUM(prevalence_cadaver!E10,prevalence_hhd!E10,prevalence_ichd!E10,prevalence_live!E10,prevalence_pd!E10) -> 0 | F10: =SUM(prevalence_cadaver!F10,prevalence_hhd!F10,prevalence_ichd!F10,prevalence_live!F10,prevalence_pd!F10) -> 0 | G10: =SUM(prevalence_cadaver!G10,prevalence_hhd!G10,prevalence_ichd!G10,prevalence_live!G10,prevalence_pd!G10) -> 0 | H10: =SUM(prevalence_cadaver!H10,prevalence_hhd!H10,prevalence_ichd!H10,prevalence_live!H10,prevalence_pd!H10) -> 0 | I10: =SUM(prevalence_cadaver!I10,prevalence_hhd!I10,prevalence_ichd!I10,prevalence_live!I10,prevalence_pd!I10) -> 0 | ... AC10: =SUM(prevalence_cadaver!AC10,prevalence_hhd!AC10,prevalence_ichd!AC10,prevalence_live!AC10,prevalence_pd!AC10) -> 0
A11: 10 | B11: =SUM(prevalence_cadaver!B11,prevalence_hhd!B11,prevalence_ichd!B11,prevalence_live!B11,prevalence_pd!B11) -> 0 | C11: =SUM(prevalence_cadaver!C11,prevalence_hhd!C11,prevalence_ichd!C11,prevalence_live!C11,prevalence_pd!C11) -> 0 | D11: =SUM(prevalence_cadaver!D11,prevalence_hhd!D11,prevalence_ichd!D11,prevalence_live!D11,prevalence_pd!D11) -> 0 | E11: =SUM(prevalence_cadaver!E11,prevalence_hhd!E11,prevalence_ichd!E11,prevalence_live!E11,prevalence_pd!E11) -> 0 | F11: =SUM(prevalence_cadaver!F11,prevalence_hhd!F11,prevalence_ichd!F11,prevalence_live!F11,prevalence_pd!F11) -> 0 | G11: =SUM(prevalence_cadaver!G11,prevalence_hhd!G11,prevalence_ichd!G11,prevalence_live!G11,prevalence_pd!G11) -> 0 | H11: =SUM(prevalence_cadaver!H11,prevalence_hhd!H11,prevalence_ichd!H11,prevalence_live!H11,prevalence_pd!H11) -> 0 | I11: =SUM(prevalence_cadaver!I11,prevalence_hhd!I11,prevalence_ichd!I11,prevalence_live!I11,prevalence_pd!I11) -> 0 | ... AC11: =SUM(prevalence_cadaver!AC11,prevalence_hhd!AC11,prevalence_ichd!AC11,prevalence_live!AC11,prevalence_pd!AC11) -> 0

Sheet prevalence_cadaver
A1: model_run | B1: 0 | C1: 1 | D1: 2 | E1: 3 | F1: 4 | G1: 5 | H1: 6 | I1: 7 | J1: 8 | K1: 9 | L1: 10 | M1: 11 | N1: 12 | O1: 13 | P1: 14 | Q1: 15 | R1: 16 | S1: 17 | T1: 18 | U1: 19 | V1: 20 | W1: 21 | X1: 22 | Y1: 23 | Z1: 24 | AA1: 25 | AB1: 26 | AC1: 27
A2: 1
A3: 2
A4: 3
A5: 4
A6: 5
A7: 6
A8: 7
A9: 8
A10: 9
A11: 10

Sheet prevalence_conservative_care
A1: model_run | B1: 0 | C1: 1 | D1: 2 | E1: 3 | F1: 4 | G1: 5 | H1: 6 | I1: 7 | J1: 8 | K1: 9 | L1: 10 | M1: 11 | N1: 12 | O1: 13 | P1: 14 | Q1: 15 | R1: 16 | S1: 17 | T1: 18 | U1: 19 | V1: 20 | W1: 21 | X1: 22 | Y1: 23 | Z1: 24 | AA1: 25 | AB1: 26 | AC1: 27
A2: 1
A3: 2
A4: 3
A5: 4
A6: 5
A7: 6
A8: 7
A9: 8
A10: 9
A11: 10

Sheet prevalence_hhd
A1: model_run | B1: 0 | C1: 1 | D1: 2 | E1: 3 | F1: 4 | G1: 5 | H1: 6 | I1: 7 | J1: 8 | K1: 9 | L1: 10 | M1: 11 | N1: 12 | O1: 13 | P1: 14 | Q1: 15 | R1: 16 | S1: 17 | T1: 18 | U1: 19 | V1: 20 | W1: 21 | X1: 22 | Y1: 23 | Z1: 24 | AA1: 25 | AB1: 26 | AC1: 27
A2: 1
A3: 2
A4: 3
A5: 4
A6: 5
A7: 6
A8: 7
A9: 8
A10: 9
A11: 10

Sheet prevalence_ichd
A1: model_run | B1: 0 | C1: 1 | D1: 2 | E1: 3 | F1: 4 | G1: 5 | H1: 6 | I1: 7 | J1: 8 | K1: 9 | L1: 10 | M1: 11 | N1: 12 | O1: 13 | P1: 14 | Q1: 15 | R1: 16 | S1: 17 | T1: 18 | U1: 19 | V1: 20 | W1: 21 | X1: 22 | Y1: 23 | Z1: 24 | AA1: 25 | AB1: 26 | AC1: 27
A2: 1
A3: 2
A4: 3
A5: 4
A6: 5
A7: 6
A8: 7
A9: 8
A10: 9
A11: 10

Sheet prevalence_live
A1: model_run | B1: 0 | C1: 1 | D1: 2 | E1: 3 | F1: 4 | G1: 5 | H1: 6 | I1: 7 | J1: 8 | K1: 9 | L1: 10 | M1: 11 | N1: 12 | O1: 13 | P1: 14 | Q1: 15 | R1: 16 | S1: 17 | T1: 18 | U1: 19 | V1: 20 | W1: 21 | X1: 22 | Y1: 23 | Z1: 24 | AA1: 25 | AB1: 26 | AC1: 27
A2: 1
A3: 2
A4: 3
A5: 4
A6: 5
A7: 6
A8: 7
A9: 8
A10: 9
A11: 10

Sheet prevalence_pd
A1: model_run | B1: 0 | C1: 1 | D1: 2 | E1: 3 | F1: 4 | G1: 5 | H1: 6 | I1: 7 | J1: 8 | K1: 9 | L1: 10 | M1: 11 | N1: 12 | O1: 13 | P1: 14 | Q1: 15 | R1: 16 | S1: 17 | T1: 18 | U1: 19 | V1: 20 | W1: 21 | X1: 22 | Y1: 23 | Z1: 24 | AA1: 25 | AB1: 26 | AC1: 27
A2: 1
A3: 2
A4: 3
A5: 4
A6: 5
A7: 6
A8: 7
A9: 8
A10: 9
A11: 10

Sheet ichd_yearly
A1: model_run | B1: 1 | C1: 2 | D1: 3 | E1: 4 | F1: 5 | G1: 6 | H1: 7 | I1: 8 | J1: 9 | K1: 10 | L1: 11 | M1: 12 | N1: 13
A2: 1
A3: 2
A4: 3
A5: 4
A6: 5
A7: 6
A8: 7
A9: 8
A10: 9
A11: 10

Sheet hhd_yearly
A1: model_run | B1: 1 | C1: 2 | D1: 3 | E1: 4 | F1: 5 | G1: 6 | H1: 7 | I1: 8 | J1: 9 | K1: 10 | L1: 11 | M1: 12 | N1: 13
A2: 1
A3: 2
A4: 3
A5: 4
A6: 5
A7: 6
A8: 7
A9: 8
A10: 9
A11: 10

Sheet pd_yearly
A1: model_run | B1: 1 | C1: 2 | D1: 3 | E1: 4 | F1: 5 | G1: 6 | H1: 7 | I1: 8 | J1: 9 | K1: 10 | L1: 11 | M1: 12 | N1: 13
A2: 1
A3: 2
A4: 3
A5: 4
A6: 5
A7: 6
A8: 7
A9: 8
A10: 9
A11: 10

Sheet transplant_yearly
A1: model_run | B1: 1 | C1: 2 | D1: 3 | E1: 4 | F1: 5 | G1: 6 | H1: 7 | I1: 8 | J1: 9 | K1: 10 | L1: 11 | M1: 12 | N1: 13
A2: 1
A3: 2
A4: 3
A5: 4
A6: 5
A7: 6
A8: 7
A9: 8
A10: 9
A11: 10

Sheet incidence_wft
A1: model_run | B1: 0 | C1: 1 | D1: 2 | E1: 3 | F1: 4 | G1: 5 | H1: 6 | I1: 7 | J1: 8 | K1: 9 | L1: 10 | M1: 11 | N1: 12 | O1: 13 | P1: 14 | Q1: 15 | R1: 16 | S1: 17 | T1: 18 | U1: 19 | V1: 20 | W1: 21 | X1: 22 | Y1: 23 | Z1: 24 | AA1: 25 | AB1: 26 | AC1: 27
A2: 1
A3: 2
A4: 3
A5: 4
A6: 5
A7: 6
A8: 7
A9: 8
A10: 9
A11: 10

Sheet prevalence_wft
A1: model_run | B1: 0 | C1: 1 | D1: 2 | E1: 3 | F1: 4 | G1: 5 | H1: 6 | I1: 7 | J1: 8 | K1: 9 | L1: 10 | M1: 11 | N1: 12 | O1: 13 | P1: 14 | Q1: 15 | R1: 16 | S1: 17 | T1: 18 | U1: 19 | V1: 20 | W1: 21 | X1: 22 | Y1: 23 | Z1: 24 | AA1: 25 | AB1: 26 | AC1: 27
A2: 1
A3: 2
A4: 3
A5: 4
A6: 5
A7: 6
A8: 7
A9: 8
A10: 9
A11: 10
